Dossier	Sexe	SerieBac	Dominante	Specialite	LV_1	LV_2	AvisCE	MATHS	PHYSCHIM	SI	NLV1	NLV2	HISTGEO	PHYS	ENERENV	MATHS_SPE	PHYSCHIM_SPE	SVT_SPE	MATHS_1T1	PHYSCHIM_1T1	SI_1T1	LV1_1T1	LV2_1T1	HISTGEO_1T1	MATHS_SPE_1T1	PJYSCHIM_SPE_1T1	SVT_SPE_1T1	MATHS_1T2	PHYSCHIM_1T2	SI_1T2	LV1_1T2	LV2_1T2	HISTGEO_1T2	MATHS_SPE_1T2	PHYSCHIM_SPE_1T2	SVT_SPE_1T2	MATHS_1T3	PHYSCHIM_1T3	SI_1T3	LV1_1T3	LV2_1T3	HISTGEO_1T3	
622176.0	M	S	SVT	PHYSCHIM	ANGL	ESPAGN	TF	8.96	11.18		13.85	12.22					10.19		8.3	12.65		14.7	13.07			10.88		9.62	9.71		13.0	11.37			9.5								
398929.0	M	STI2D		SINUM	ANGL	ESPAGN	FAV		13.75		8.8								10.55	14.5		8.8						12.46	13.0		8.8												
398849.0	M	STI2D		ENERENV	ANGL	ALLEMAND	RES	8.6	8.89		10.45				9.47				8.2	9.0		12.0						9.0	8.77		8.9												
753673.0	M																																										
158149.0	M	S	EAT	EAT	ANGL	ESPAGN	FAV	6.2	8.1		15.39	11.69							6.88	8.17		13.77	11.63					5.5	8.0		17.0	11.75											
777005.0	M																		8.0	6.93		6.0	13.0	10.17			8.33	9.56	8.65		9.17	10.0	10.5			7.42	11.0	11.0		7.25	10.0	7.7	
364121.0	M	P		ELECTTECH	ANGL		RES																																				
232271.0	M	S	SVT	SVT	ANGL	ESPAGN	FAV	9.56	8.18		9.46	11.46						8.67	10.63	8.79		9.78	11.17				6.5	8.5	7.56		9.14	11.75				10.84							
489820.0	M	S	SI	PHYSCHIM	ANGL	ESPAGN	TF	11.95	10.25	13.4	12.45	12.25	11.0				14.25		12.5	9.6	11.8	13.0	12.8	11.5		15.0		11.4	10.9	15.0	11.9	11.7	11.0		13.5								
919679.0	F																		9.81	10.3		9.18	15.79	7.33			5.98	9.12	9.24		9.06	13.25	9.0			9.18	7.28	6.55		7.35	12.0	8.83	
232143.0	M	S	SVT	PHYSCHIM	ANGL	ALLEMAND	TF	15.25	12.97		16.6	13.3					13.22		14.5	12.35		17.17	12.38			14.75		16.0	13.6		16.04	14.25			11.7								
582099.0	M	S	SVT	INFONUM	ANGL	ALLEMAND	RES	8.62	5.76		9.13	7.59							9.34	5.2		8.83	5.81					7.68	6.33		9.44	9.38											
235383.0	M	S	SVT	PHYSCHIM	ANGL	ESPAGN	RES	5.5	8.55		6.5	10.8					10.0		5.5	8.9		6.3	11.0			9.4		5.5	8.2		6.7	10.6			10.0								
853797.0	M																		11.17	13.72		12.7	10.25	12.33			14.0	11.92	12.13		11.59	13.44	16.5			17.5	11.25	14.0		12.75	13.11	13.67	
37993.0	M	S	SI	PHYSCHIM	ANGL	ALLEMAND	TF	10.89	13.91	11.86	13.86	12.77	12.84				12.43		11.78	12.63	11.93	16.6	13.21	11.47		12.86		10.0	15.2	11.8	11.12	12.33	14.22		12.0								
775864.0	M																		6.45	8.7	9.8	8.13	6.5	9.71				8.79	7.5	9.57	12.18	8.52	12.33				7.24	6.1	11.1	11.6	6.25	9.0	
264667.0	M	S	SVT	PHYSCHIM	ANGL	ALLEMAND	TF	9.87	13.46		7.21	9.38					17.32		9.33	13.4		7.67	10.67			16.75		10.42	16.07		6.75	8.1			18.5								
574085.0	M	S	SVT	PHYSCHIM	ANGL	ESPAGN	FAV	7.59	7.47		8.71	10.43	15.25				10.6		8.11	8.7		11.0	11.0	11.0		13.28		7.08	6.25		6.43	9.86	19.5		7.93								
39132.0	M	S	SVT	SVT	ANGL	ALLEMAND	TF	6.9	11.1		7.75	5.3							6.0	11.1		8.5	5.8					7.8	11.1		7.0	4.8				15.3							
265120.0	M	S	SVT	PHYSCHIM	ANGL	ESPAGN	FAV	6.77	8.01		11.61	11.66					8.25		6.9	8.2		10.25	11.33			9.0		6.64	7.82		11.61	12.0			7.5								
199813.0	M	STI2D		ENERENV	ANGL		FAV	12.75	11.9		7.5				15.15				13.0	11.0		6.0						12.5	12.8		9.0												
410673.0	F	S	SVT	MATHS	ANGL	ESPAGN	TF	12.83	13.44		15.5	17.71				12.83			12.96	14.88		15.5	17.8		12.96			12.71	12.0		15.5	17.63		12.71									
141193.0	M	STI2D		INNOV	ANGL	ESPAGN	FAV	9.25	10.15		12.25								9.0	9.9		12.0						9.5	10.4		12.5												
459724.0	M	S	SVT	PHYSCHIM	ANGL	ESPAGN	FAV	8.5	10.7		10.48	10.74					12.1		10.0	12.1		11.82	11.65			12.5		7.0	9.3		9.14	9.83			11.7								
260402.0	M	S	SI	INFONUM	ANGL	ALLEMAND	TF	12.0	13.2	14.02	12.65	11.8	16.25						13.0	12.8	15.5	13.3	11.5	16.5				11.0	13.6	12.55	12.0	12.1	16.0										
921871.0	M																																										
459746.0	M	S	SVT	MATHS	ANGL	ESPAGN	TF	12.0	13.34		9.0	10.61	13.58			12.66			12.0	13.5		10.0	10.06	12.17	12.0			12.0	13.18		8.0	11.17	15.0	13.33									
598335.0	M	S	SVT	PHYSCHIM	ANGL	ALLEMAND	FAV	8.7	7.43		11.8	9.7					7.72		8.16	7.77		13.75	9.5			8.1		9.19	7.11		10.0	10.44			7.33								
612336.0	F	S	SVT	PHYSCHIM	ANGL	ESPAGN	TF	11.5	11.1		14.8	10.9					12.9		12.2	11.6		17.0	11.4			14.5		10.8	10.6		12.5	10.5			11.2								
845305.0	M																																										
208764.0	M	S	SVT	PHYSCHIM	ANGL	RUSSE	TF	6.65	11.3		12.23	11.53					10.75		7.4	10.8		11.22	11.0			10.7		5.9	11.8		13.24	12.06			10.8								
102278.0	F	STI2D		ARCHI	ANGL	ALLEMAND	TF	10.7	13.25		9.3								11.6	13.7		9.3						9.8	12.8		9.2												
388154.0	M	STI2D		INNOV	ANGL	ESPAGN	TF	12.25	11.46		7.44								11.67	10.42		7.95						12.83	12.5		6.93												
129668.0	M	STI2D		ENERENV	ANGL	ESPAGN	TF	13.8	11.09		14.22				15.05				14.13	11.66		14.5						13.48	10.53		13.94												
454240.0	M	S	SVT	PHYSCHIM	ANGL	ESPAGN	FAV	9.75	12.1		11.5	13.85					14.15		11.0	12.6		10.5	14.1			16.7		8.5	11.6		12.5	13.6			10.2								
816367.0	M																		11.9	7.5		12.0	15.0	10.2		5.33		8.5	5.5		11.0	13.8	11.6		10.0		3.5	6.9		11.33	7.85	12.0	
134040.0	M	S	SVT	PHYSCHIM	ANGL	ESPAGN	TF	13.5	14.2		11.0	10.0					15.0		13.5	12.6		12.5	10.25			14.0		13.0	15.8		9.5	9.83			16.0								
88697.0	M	S	SVT	PHYSCHIM	ANGL	ESPAGN	FAV	7.4	12.5		10.5	10.35					15.1		7.2	12.4		8.8	10.5			16.3		7.6	12.6		12.2	10.2			13.9								
851633.0	M																		14.02	13.29		12.33	12.3	9.1			13.4	15.38	16.11		13.0	12.67	9.6			14.94	14.7	16.0		11.0	13.8	6.7	
532650.0	M	S	SVT	PHYSCHIM	ANGL	ESPAGN	FAV	6.3	9.7		10.7	12.2					9.75		6.3	10.0		9.8	12.1			8.8		6.3	9.4		11.6	12.3			10.7								
399051.0	M	S	SVT	SVT	ANGL	ESPAGN	TF	9.7	11.17		11.03	9.9						14.13	9.5	10.83		9.75	10.4				16.0	9.8	11.5		12.3	8.21				12.25							
39186.0	M	STI2D		ENERENV	ANGL	ESPAGN	TF	16.5	14.65		11.85				15.35				17.0	15.4		12.7						16.0	13.9		11.0												
857908.0	M																																										
639623.0	M	STI2D		ENERENV	ANGL	ESPAGN	RES	10.24	9.0		8.77				13.75				10.6	9.0		7.22						9.88	9.0		10.33												
270074.0	M	STG		MERCA	ANGL	ESPAGN	FAV																																				
438031.0	M	S	SI	PHYSCHIM	ANGL	ESPAGN	FAV	7.2	7.1	9.63	10.86	15.56					10.0		6.0	7.2	9.4	10.4	16.0			9.5		7.19	7.0	10.25	11.31	15.12			10.5								
129850.0	F	S	SVT	PHYSCHIM	ANGL	ESPAGN	FAV	9.79	10.15		8.59	14.06					11.0		8.25	12.4		7.25	13.13			12.0		11.33	7.9		9.93	15.0			10.0								
920660.0	M																																										
803786.0	M																																										
265101.0	M	S	SVT	PHYSCHIM	ANGL	ALLEMAND	TF	9.36	11.58		7.8	9.34					12.76		7.98	12.21		7.17	10.25			12.47		10.75	12.01		8.44	8.43			13.06								
491758.0	M	STI2D		ENERENV	ANGL	ESPAGN	RES	12.11	10.62		7.68				11.54				13.57	9.42		6.17						10.65	11.83		9.2												
252062.0	M	STI2D		ENERENV	ANGL	ESPAGN	TF	13.3	11.35		9.55				15.8				12.2	11.3		10.6						14.4	11.4		8.5												
437911.0	M	STI2D		ENERENV	ANGL	ESPAGN	RES	9.5	8.88		10.7				10.8				10.13	9.25		14.4						8.67	8.5		7.0												
806320.0	M																		9.0	13.5	13.1	13.93	10.25	10.0		13.0		8.5	14.5	12.0	15.8	11.52	11.0		14.0		4.0	14.5	14.0	17.0	13.15	10.5	
434437.0	M	S	SVT	PHYSCHIM	ALLEMAND	ANGL	FAV	8.65	10.2		8.05	10.0	12.9				10.3		12.2	11.4		8.4	9.3	13.3		8.2		5.1	9.0		7.7		12.5		12.4								
266102.0	M	P		ETDDEFPI	ANGL		TF																																				
445813.0	M	S	SVT	MATHS	ANGL	ALLEMAND	FAV	9.96	11.11		7.67	6.14	15.17			10.65			11.04	12.0		7.04	5.61	18.0	11.3			8.88	10.22		8.31	6.67	12.35	10.0									
445594.0	M	S	SVT	SVT	ALLEMAND	ANGL	FAV	9.93	10.79		4.43	13.1						8.25	11.2	11.29		11.5	5.7				8.5	8.67	10.3		14.83	3.17				8.0							
221798.0	M	S	SVT	PHYSCHIM	ANGL	ESPAGN	TF	7.32	7.0		15.37	11.34	19.29				12.83		5.9	7.0		14.07	11.09	16.25		12.67		8.75	7.0		16.68	11.6	16.33		13.0								
266860.0	M	STI2D		ENERENV	ANGL	ESPAGN	RES	3.58	7.49		7.2				9.34				5.67	6.77		8.0						1.5	8.22		6.4												
209318.0	M	STL		PHYSCHIMLAB	ANGL	ALLEMAND	FAV	11.23	12.31		7.05								10.5	12.52		8.4						11.96	12.11		5.71												
6977.0	M	STAV			ANGL		FAV																																				
358032.0	M	S	SI	MATHS	ANGL	ALLEMAND	FAV	11.1	9.8	9.05	13.07	10.95				9.5			10.6	11.42	7.9	12.25	11.92		8.85			11.6	8.19	10.2	13.9	9.98		10.15									
585024.0	M	STI2D		ENERENV	ANGL		TF	11.85	13.13		7.75				11.02				12.1	12.5		8.0						11.6	13.76		7.5												
358749.0	M	STI2D		ENERENV	ANGL	ESPAGN	FAV	12.05	13.15		10.4				12.35				14.4	10.7		10.0						9.7	15.6		10.8												
666803.0	M	S	SVT	SVT	ANGL	ESPAGN	TF	12.5	13.4		14.0	12.2	13.0					14.2	13.1	12.3		13.6	11.3	12.4			14.5	11.9	11.8		14.4	12.5	13.5			15.0							
211907.0	M	STI2D		ENERENV	ANGL	ESPAGN	FAV	10.15	13.7		12.7				14.45				11.0	13.9		12.5						9.3	13.5		12.9												
39230.0	M	S	SVT	PHYSCHIM	ANGL	ESPAGN	FAV	6.2	9.15		11.25	9.75					8.9		6.9	8.5		13.5	11.8			10.0		5.5	9.8		9.0	7.7			7.8								
491860.0	M	STI2D		ENERENV	ANGL	ALLEMAND	TF	11.97	13.73		13.09				13.21				13.72	13.14		11.33						10.22	14.33		14.86												
932712.0	M																																										
113953.0	M	S	SVT	PHYSCHIM	ARABE	ANGL	FAV	13.8	11.0		13.89	9.5					15.0		15.33	12.0		14.77	9.5			15.75		12.3	10.5		13.0	9.5			17.0								
37949.0	M	STI2D		ARCHI	ANGL	ALLEMAND	FAV	17.6	16.4		10.49								17.43	16.27		11.61						17.78	16.54		9.38												
342035.0	M	STI2D		ENERENV	ANGL	ESPAGN	FAV	11.95	13.0		11.28				12.5				12.5	14.0		10.38						11.4	12.0		12.19												
205538.0	M	S	SVT	SVT	ANGL	ESPAGN	FAV	7.21	8.5		15.91	11.71						12.66	9.08	9.4		15.5	11.75				10.0	5.35	7.6		16.33	11.68				15.33							
675932.0	M	STI2D		ENERENV	ANGL	ESPAGN	FAV	9.5	7.75		10.12				12.15				9.0	8.0		9.25						10.0	7.5		11.0												
114210.0	M	S	SVT	PHYSCHIM	ARABE	ANGL	TF	12.5	12.85		14.67	11.0					12.76		14.0	12.7		14.0	11.0			10.58		11.0	13.0		15.33	11.0			14.94								
837241.0	M																		8.3			7.6						5.5			6.6						5.5			7.0			
775894.0	M																																										
209396.0	M	ES		ECONOMA	ANGL	ESPAGN	FAV																																				
39233.0	M	STI2D		ENERENV	ANGL	ESPAGN	RES	6.0	4.15		10.85				14.2				5.2	3.0		12.5						6.8	5.3		9.2												
870061.0	M																		12.6	9.96		9.0	8.9	8.7		10.5		13.0	10.2		13.5	9.42	8.2		14.05		8.0	12.3		9.49	11.35	9.0	
785258.0	M																		6.5	9.2	12.0	10.5	6.4	11.7				6.9	10.9	10.65	11.0	10.0	9.0				5.3	9.3	8.7	12.0	6.8	7.5	
193466.0	M	STI2D		ENERENV	ANGL	ESPAGN	TF	15.0	14.15		11.3				14.35				14.6	14.4		10.2						15.4	13.9		12.41												
435125.0	M	S	SVT	PHYSCHIM	ANGL	ALLEMAND	TF	5.9	10.5		12.86	11.37					10.75		6.1	12.5		11.64	11.27			10.5		5.7	8.5		14.08	11.48			11.0								
802468.0	M																		8.5	15.5		11.0	8.5	12.7		17.8		12.83	15.5		10.0	8.0	13.9		10.5		12.0	16.0		12.0	7.5	14.17	
358019.0	M	S	SI		ANGL	ITALIEN	RES	11.15	8.75	9.48	11.61	13.81							9.0	9.0	9.79	10.0	13.33					13.3	8.5	9.17	13.22	14.29											
255958.0	M	STI2D		ENERENV	ANGL	ESPAGN	TF	10.9	10.5		13.05				11.25				11.1	11.5		13.7						10.7	9.5		12.4												
301515.0	M	S	SVT	MATHS	ANGL	ESPAGN	TF	14.48	11.22		10.2	14.74				11.08			13.6	10.95		11.08	15.69		9.31			15.37	11.5		9.31	13.79		12.86									
584887.0	M	STI2D		ENERENV	ANGL		RES	9.45	10.02		13.5				8.08				10.4	11.5		14.0						8.5	8.53		13.0												
888386.0	M																		10.19	6.67		6.9		6.4			10.0	7.72	8.5		8.7	7.54	7.0			14.0							
129784.0	M	S	SI	INFONUM	ANGL	ESPAGN	RES	8.66	10.8	10.4	11.75	13.5							8.83	9.5	9.8	11.3	14.73					8.5	12.1	11.0	12.2	12.28											
364088.0	M	STI2D		SINUM	ANGL	ESPAGN	RES	5.05	6.9		5.3								3.7	6.0		5.0						6.4	7.8		5.61												
422588.0	M	S	SVT	SVT	ANGL	ESPAGN	FAV	8.45	8.59		15.66	10.67							7.0	9.07		16.83	9.33					9.9	8.12		14.5	12.0											
873659.0	M																		12.0	12.7	8.75	9.88	12.29	11.51				13.11	13.21	9.27	12.63	12.59	10.3				11.74	12.26	11.32	10.1	10.8	14.75	
825213.0	F																		13.8	13.0		12.9	13.8	14.3			18.0	11.4	14.4		10.7	13.8	14.5			14.7	6.4	10.2		15.6	12.8	10.9	
363995.0	M	STI2D		ENERENV	ANGL		FAV	8.7	13.1		14.76				14.25				8.4	12.2		15.0						9.0	14.0		14.53												
445746.0	M	S	SVT	PHYSCHIM	ANGL	ESPAGN	TF	18.0	15.95		12.0	15.55					16.35		18.0	15.5		10.0	16.3			16.6		18.0	16.4		14.0	14.8			16.1								
123285.0	F	STI2D		ENERENV	ANGL	ALLEMAND	FAV	7.25	8.31		10.25				8.52				8.0	10.71		9.33						6.5	5.92		11.18												
264961.0	M	S	SVT	PHYSCHIM	ANGL	ESPAGN	TF	13.4	14.2		15.88	15.75					13.8		13.5	14.83		16.25	15.25			13.85		13.31	13.58		15.52	16.25			13.75								
265056.0	M	STL		PHYSCHIMLAB	ANGL	ESPAGN	FAV	8.57	12.9		9.5								11.0	12.53		10.8						6.14	13.28		8.2												
76322.0	M	P		ELECTTECH	ANGL		FAV																																				
799191.0	M																		13.64	11.75		10.75	15.91	14.0		12.86		10.48	12.27		12.0	16.27	14.0		16.06		13.08	11.4		11.0	13.17	13.0	
437930.0	M	S	SI		ANGL	ALLEMAND	FAV	9.9	6.88	11.3	12.18	10.34							7.22	5.85	12.23	12.45	9.14					9.88	7.9	10.59	11.9	11.53											
186526.0	M	P		Commerce	ANGL	ESPAGN	RES																																				
806305.0	F																																										
358759.0	M	P		FROIDCOND	ANGL		FAV																																				
272526.0	M	S	SVT	PHYSCHIM	ANGL	ESPAGN	RES	3.0	2.25		9.99	6.6					10.0		1.93	3.5		11.6	7.0	10.8		7.75		4.0	1.0		8.38	6.21	10.0		12.62								
438067.0	M	STI2D		ENERENV	ANGL	ESPAGN	FAV	12.7	12.09		10.0				14.5				11.23	11.17		12.56						14.0	13.0		7.5												
876588.0	M																		10.79	11.4		13.71	11.83	14.0		13.9		7.95	10.0		11.83	7.0	7.5		5.0		9.93	9.0		10.67	8.0	10.0	
480970.0	M	S	SVT	PHYSCHIM	ANGL	ALLEMAND	TF	16.05	16.45		11.84	13.3	14.75				15.25		15.28	15.74		13.25	14.25	16.0		16.5		16.83	17.17		10.44	12.3	13.5		14.0								
584993.0	M	STI2D		ENERENV	ANGL		FAV	9.35	12.37		11.5				9.79				9.0	15.17		12.0						9.7	9.57		11.0												
543880.0	M	STI2D		SINUM	ANGL	ESPAGN	TF				13.0								8.0	14.0		12.5							9.5		13.5												
914823.0	M																																										
869810.0	M																		15.5	15.2	17.7	15.0	13.8	14.0				15.0	14.7	12.7	12.0	14.0	13.6	11.0			14.3	15.4	15.0	13.5	14.0	15.3	
266032.0	M	STI2D		INNOV	ANGL	ALLEMAND	RES	7.2	8.7		5.5								7.6	10.3		4.5						6.8	7.1		6.5												
624549.0	M	STI2D		ENERENV	ANGL		RES	11.84	12.55		14.37				13.12				13.18	12.76		17.56						10.5	12.34		11.18												
211702.0	M	S	SVT	PHYSCHIM	ANGL	ESPAGN	FAV	4.75	6.52		8.34	7.09					8.6		4.8	7.25		9.18	7.41			9.5		4.7	5.79		7.5	6.77			7.7								
868657.0	M																		10.5	11.5		13.42	12.0	9.63			13.0	9.5	14.0		14.44	11.5	8.4			13.5							
382477.0	M	S	SVT	SVT	ANGL	ALLEMAND	RES	7.5	12.23		6.0	6.0						12.58	7.1	12.36		7.0	4.5				12.6	7.9	12.1		5.0	7.0				12.57							
260116.0	M	S	SI		ANGL	ESPAGN	RES	8.3	8.75	9.52	10.05	8.5							9.5	9.1	10.05	11.1	9.3					7.1	8.4	9.0	9.0	7.7											
584954.0	M	STI2D		ENERENV	ANGL		FAV	11.2	9.49		10.25				9.45				10.7	9.83		10.0						11.7	9.15		10.5												
226344.0	M	S	SVT	PHYSCHIM	ANGL	ESPAGN	RES	9.0	6.05		7.12	9.93					9.53		10.0	6.6		6.7	10.18			10.38		8.0	5.5		7.54	9.68			8.68								
346212.0	M	S	SVT	MATHS	ANGL	ESPAGN	FAV	14.75	11.0		7.21	8.25				13.75			14.0	10.1		7.75	8.5		14.5			15.5	11.9		6.67	8.0		13.0									
410796.0	M	S	SVT	PHYSCHIM	ANGL	ALLEMAND	FAV	11.29	9.82		10.91	13.9					10.0		12.29	10.35		11.5	13.6			10.5		10.3	9.3		10.33	14.21			9.5								
357852.0	M	P		ELECTTECH	ANGL		RES																																				
157954.0	M	S	EAT	EAT	ESPAGN	ANGL	FAV	6.57	8.73		7.8	11.76							6.3	8.9		10.3	8.4					6.8	8.6		13.2	7.2											
50839.0	M	S	SVT	PHYSCHIM	ANGL	ESPAGN	TF	7.0	12.77		10.5	9.6					9.75		6.6	13.96		9.36	10.25			8.42		7.4	11.57		11.6	8.88			11.07								
504833.0	M	S	SVT	PHYSCHIM	ALLEMAND	ANGL	FAV	9.63	9.49			10.44					10.83		10.0	9.96		9.88	10.33			10.0		9.26	9.02		11.0	11.0			11.67								
470706.0	M	S	SVT	SVT	ANGL	ESPAGN	FAV	11.02	7.84		11.36	12.41						9.75	8.33	8.5		12.29	11.55				9.5	13.71	7.19		10.44	13.27				10.0							
574105.0	M	S	SVT	PHYSCHIM	ANGL	ESPAGN	FAV	9.98	9.38		6.87	13.96	12.5				12.92		10.11	10.36		6.33	15.5	12.0		13.28		9.85	8.4		7.42	12.43	13.0		12.57								
848518.0	M																		9.61	8.98	11.38	10.63	9.75	10.3				6.58	7.48	8.33	6.25	7.71	8.67				8.51	6.33	13.33	3.83	8.69	9.0	
396029.0	M	STI2D		ARCHI	ANGL	ESPAGN	FAV	13.1	8.5		12.0								14.2	8.0		15.0						12.0	9.0		9.0												
190170.0	M	S	SVT	PHYSCHIM	ANGL	ESPAGN	TF	12.2	13.1		11.5	12.3					15.9		10.1	13.1		12.3	12.5			15.9		14.3	13.2		10.7	12.2			15.9								
160960.0	M	S	SVT	PHYSCHIM	ANGL	ALLEMAND	TF	11.3	11.6		10.0	11.3	15.5				12.8		11.0	12.3		10.3	11.4	16.0		13.6		11.6	10.9		9.8	11.2	15.0		12.1								
122956.0	M	S	SVT	MATHS	ANGL	ESPAGN	TF	12.0	10.12		10.65	12.89	14.5			9.93			10.9	10.34		9.89	12.78	13.0	9.63			13.1	9.9		11.42	13.0	16.0	10.24									
921471.0	M																		9.0	9.4		10.5	10.29	7.0		5.0		8.0	8.65		10.0	7.67	8.88		13.5		6.0	8.3		9.5	9.58	6.5	
629626.0	M	STI2D		ENERENV	ANGL	ESPAGN	FAV	11.95	13.25		7.05				12.05				11.3	11.0		6.5						12.6	15.5		7.6												
123057.0	M	STI2D		ENERENV	ANGL	ESPAGN	FAV	11.25	8.89		10.98				8.91				11.0	11.5		10.78						11.5	6.28		11.18												
235316.0	F	S	SVT	PHYSCHIM	ANGL	ESPAGN	TF	12.05	12.4		14.85	12.35					13.05		11.3	12.6		14.2	12.7			13.0		12.8	12.2		15.5	12.0			13.1								
232229.0	M	S	SVT	SVT	ANGL	ESPAGN	RES	8.13	7.88		7.36	8.39	9.58					14.17	9.76	8.6		7.86	8.5	10.0			10.5	6.5	7.15		6.86	8.28	9.17			17.84							
358063.0	M	S	SI		ANGL	ESPAGN	FAV	10.1	8.8	11.61	11.09	13.04							10.3	9.17	11.99	11.22	12.83					9.9	8.44	11.23	10.97	13.25											
846753.0	M																		5.0	8.0		7.5	12.25	9.82		7.67		6.5	7.0		5.5	10.5	7.92		8.43		8.0	6.0		7.0	10.5	8.44	
415388.0	M	S	SVT	SVT	ANGL	ESPAGN	FAV	7.29	10.4		11.31	12.0	10.0					9.5	7.54	10.3		11.5	9.0	10.0			8.5	7.04	10.5		11.13	15.0	10.0			10.5							
129547.0	M	S	SI	PHYSCHIM	ANGL	ESPAGN	FAV	5.7	11.0	9.6	10.04	13.77					13.75		6.4	13.0	11.1	12.75	14.12			13.5		5.0	9.0	8.1	7.33	13.43			14.0								
783965.0	M																																										
410610.0	M	S	SVT	PHYSCHIM	ANGL	ESPAGN	FAV	9.7	10.61		9.94	11.12					13.0		9.71	12.12		11.0	11.45			12.5		9.7	9.1		8.89	10.8			13.5								
325820.0	M	S	SVT	SVT	ANGL	ESPAGN	TF	8.54	9.88		10.5	9.71	10.75					13.1	9.54	8.7		10.0	8.17	11.0			14.2	7.55	11.07		11.0	11.25	10.5			12.0							
847151.0	M																		10.37	9.44	15.0	9.5	12.0	11.7				9.14	11.31	12.5	10.0	13.17	8.54				10.17	7.56	10.5	10.0	11.92	10.56	
574036.0	M	S	SVT	SVT	ANGL	ESPAGN	TF	10.75	7.7		8.21	10.43						10.88	11.0	8.98		10.6	11.4				7.76	10.5	6.43		5.83	9.46				14.0							
299347.0	M	STI2D		ENERENV	ANGL	ALLEMAND	RES	8.0	12.0		6.9				11.45				6.0	12.0		6.8						10.0			7.0												
123240.0	M	STI2D		ENERENV	ANGL	ALLEMAND	FAV	9.25	9.52		15.48				9.29				9.5	10.5		14.65						9.0	8.54		16.31												
613637.0	M	S	SVT	SVT	ANGL	ESPAGN	FAV	6.9	10.25		9.35	13.2						13.1	6.4	10.7		7.9	14.6	13.0			11.8	7.4	9.8		10.8	11.8				14.4							
160989.0	M	STL		BIOTECH	ANGL	ESPAGN	TF	16.27			16.3								16.2	14.8		16.5						16.4	17.9		16.2												
886969.0	M																		13.83	9.67		12.42	8.67	6.7	12.93			12.77	11.8		13.42	10.07	8.6	13.63			11.2	16.0		10.17	6.75	10.2	
129856.0	M	STI2D		ENERENV	ANGL		FAV	5.55	6.25		11.1				11.85				6.25	6.82		10.0						4.86	5.69		12.2												
395888.0	M	STI2D		ENERENV	ANGL	ALLEMAND	FAV	5.65	7.5		7.1				16.5				7.4	7.5								3.7	7.4		7.1												
936730.0	M																		15.47	17.5		13.67	11.56	12.0		19.25		13.38	14.72		12.5	11.93	12.5		18.1		13.4	13.6		12.9	10.9	13.5	
640142.0	M	S	SVT	SVT	ANGL	ESPAGN	RES	3.3	6.1		8.79	8.5						8.86	4.0	7.5		9.8	7.0				5.9	2.6	4.7		7.7	8.6				11.8							
437994.0	M	S	SI	INFONUM	ANGL	ALLEMAND	TF	12.5	13.77	16.75	10.18	10.62							12.52	14.7	17.15	9.7	9.86					12.46	12.83	14.5	10.66	11.37											
305332.0	M	STI2D		ENERENV	ANGL	ESPAGN	TF	13.76	11.0		12.52				9.01				13.85	10.75		12.0						13.68	11.25		13.05												
327153.0	M	S	SVT	PHYSCHIM	ANGL	ESPAGN	FAV	7.0	8.5		15.0	11.1					9.0		8.0	10.8		15.0	12.5			9.9		6.4	6.1		15.0	9.7			8.0								
398870.0	M	STI2D		ENERENV	ANGL	ALLEMAND	TF	13.2	16.46		15.38				15.88				12.4	14.5		15.75						14.0	18.42		15.0												
268662.0	M	S	SVT	MATHS	ANGL	ESPAGN	TF	18.29	17.0		16.94	15.01				18.89			17.09	16.5		16.29	14.4		18.78			19.5	17.5		17.6	15.63		19.0									
129601.0	M	S	SI		ANGL	ALLEMAND	TF	9.64	9.8	9.2	14.41	8.61							9.58	9.5	7.1	14.5	7.55					9.71	10.1	11.3	14.33	9.68											
624513.0	M	STI2D		ENERENV	ANGL	ESPAGN	FAV	9.79	10.6		10.96				10.9				10.82	10.97		12.67						8.76	10.24		9.25												
574218.0	F	STI2D		ENERENV	ANGL	ESPAGN	TF	15.59	12.52		11.48				15.06				14.47	11.88		12.46						16.72	13.17		10.5												
855548.0	M																		9.9	7.0		13.6	12.1	10.3		13.7		9.7	8.9		12.4	11.9	12.2		10.8		10.3	12.5		11.0	14.3	7.8	
639643.0	M	STI2D		SINUM	ANGL	ESPAGN	RES	12.75	10.5		8.7								15.5	10.0		8.0						10.0	11.0		9.5												
253379.0	F	S	SVT	PHYSCHIM	ANGL	ESPAGN	TF	12.05	10.85		9.79	9.65					10.05		13.7	9.5		10.25	10.92			11.3		10.4	12.3		9.33	8.57			9.0								
574134.0	M	STI2D		ENERENV	ANGL	ESPAGN	FAV	12.36	8.77		10.87				12.75				13.06	7.94		8.17						11.67	9.6		13.57												
260400.0	M	S	SI	INFONUM	ANGL	ESPAGN	TF	11.0	11.65	12.35	7.6	8.0	16.0						10.5	12.5	13.3	7.5	6.7	15.0				11.5	10.8	11.4	7.7	9.3	16.0										
364271.0	M	S	SVT	PHYSCHIM	ANGL	ESPAGN	TF	8.1	13.78		11.63	14.39					12.84		8.2	15.0		13.17	14.56			14.0		8.0	12.57		10.1	14.22			11.69								
885088.0	M																		11.9	17.0	17.0	14.0	14.3	13.3	10.0			14.6	13.4	15.55	16.0	16.8	12.3	10.8			14.6	16.6	18.0	17.0	14.5	13.5	
865344.0	M																		18.0	15.61		11.91	12.75	10.71	13.1			18.5	14.98		13.13	12.94	13.39	16.28			18.0	17.0		10.5	11.0	12.0	
260248.0	F	S	SVT	SVT	ANGL	ESPAGN	TF	10.5	8.85		9.7	8.95						12.5	11.7	8.6		11.5	10.2				13.0	9.3	9.1		7.9	7.7				12.0							
834256.0	M																																										
514095.0	M	S	SI		ANGL	ESPAGN	RES	3.97	5.6	7.17	9.66	10.6							5.85	6.1	7.89	8.33	10.3					2.09	5.1	6.46	11.0	10.9											
321856.0	M	STI2D		ENERENV	ANGL	ESPAGN	FAV	11.7	9.0		7.81				11.45				14.38	7.57		8.29						9.0	10.43		7.63												
88676.0	M	S	SVT	PHYSCHIM	ANGL	ALLEMAND	FAV	5.85	12.35		16.2	13.3					14.2		4.7	12.9		15.6	13.3			14.7		7.0	11.8		16.8	13.3			13.7								
777738.0	M																		9.0			13.8						18.0			7.3						13.5			14.0			
268621.0	M	S	SVT	PHYSCHIM	ANGL	ALLEMAND	TF	13.82	10.67		11.26						10.5		15.34	9.46		10.86	8.82			10.5		12.31	11.89		11.67	10.29			10.5								
759583.0	M																																										
434424.0	M	STL		BIOTECH	ANGL	ESPAGN	FAV	9.0	9.85		11.8								7.0	11.7		10.9						11.0	8.0		12.8												
341991.0	M	STI2D		ENERENV	ANGL	ESPAGN	TF	8.4	11.0		10.66				12.4				10.6	11.5		10.5						6.2	10.5		10.82												
69456.0	M	S	SVT	PHYSCHIM	ESPAGN	ANGL	TF	10.85	8.5								14.25		10.2	8.8		11.0	11.2			12.5		11.5	8.2		9.4	12.4			16.0								
623315.0	M	S	SVT	PHYSCHIM	ARABE	ANGL	FAV	10.85	12.14		15.94	9.5					12.25		9.64	15.25		15.7	10.35			16.0		12.05	9.03		16.17	8.64			8.5								
445822.0	M	S	SVT	SVT	ANGL	ESPAGN	DEF	6.1	7.93		8.57	9.0	11.25					11.91	7.23	8.86		7.57	6.0	11.5			13.4	4.98	7.0		9.57	12.0	11.0			10.67							
859660.0	M																		12.7	12.5		12.0	6.71	11.0		17.5		12.5	11.3		12.57	7.33	8.5		11.3		11.5	11.3		11.93	6.43	12.0	
435174.0	M	S	SVT	PHYSCHIM	ANGL	ESPAGN	FAV	6.5	14.21		10.83	12.25					11.22		5.0	13.5		10.33	9.75			10.88		8.0	14.92		11.33	14.75			11.57								
878497.0	M																		9.9	9.6		7.8	6.8	11.6		12.3		5.8	8.3		6.0	7.9	9.9		9.3		6.0	6.6		11.0	8.5	7.9	
129834.0	F	S	SVT	PHYSCHIM	ANGL	ALLEMAND	TF	11.5	11.25		16.11	10.47					14.16		9.2	11.3		15.44	9.8			13.33		13.8	11.2		16.79	11.14			15.0								
406910.0	M	STI2D		ENERENV	ANGL	ESPAGN	RES	11.1	11.8		7.31								11.7	10.5		7.3						10.2	11.0		7.33												
562863.0	M	S	SI	MATHS	ANGL	ALLEMAND	FAV	11.75	10.55	8.98	9.77	9.47				9.06			11.0	10.57	9.42	11.38	11.7		8.5			12.5	10.54	8.55	8.17	7.25		9.62									
797311.0	F																		8.82	9.85		9.17	8.37	11.25			14.83	7.57	10.86		8.0	8.35	8.64			11.81	6.6	4.0		11.2	4.7	7.8	
863150.0	F																		18.2	17.9		14.8	16.79	16.56	14.8			17.3	16.38		16.25	17.73	15.11	17.39			17.0	15.67		14.67	17.67	11.6	
110971.0	M	STI2D		ENERENV	ANGL	ALLEMAND	FAV	9.25	12.78		13.39				11.0				10.26	13.56		13.99						8.25	12.0		12.8												
265040.0	M	S	SVT	PHYSCHIM	ANGL	ESPAGN	TF	11.72	11.1		7.5	15.02	9.83				9.72		10.0	12.0		7.0	15.25	10.0		10.19		13.44	9.71		8.0	14.8	9.67		9.25								
256040.0	M	STI2D		ENERENV	ANGL	ESPAGN	RES	7.55	8.1		11.5				9.0				8.2	7.5		13.0						6.9	8.7		10.0												
211777.0	F	STI2D		ENERENV	ANGL	ESPAGN	RES	5.55	11.8		13.6				12.62				8.6	14.3		14.0						2.5	9.3		13.2												
342185.0	M	STI2D		ENERENV	ANGL	ESPAGN	FAV	11.15	13.0		11.18				12.2				11.5	13.0		11.19						10.8	13.0		11.17												
149649.0	M	STI2D		ENERENV	ANGL	ESPAGN	TF	12.0	12.54		13.17				11.7				11.67	13.16		12.89						11.5	11.91		13.45												
811769.0	M																																										
39113.0	M	STI2D		ENERENV	ANGL	ALLEMAND	TF	12.0	12.5		8.0				16.4				13.3	11.2		8.3						10.7	13.8		7.7												
904139.0	M																		6.4	17.0		13.8	13.2	11.0			15.5	11.8	10.1		15.3	15.3	11.6			12.7	6.9	12.0		14.2	13.8	10.7	
75901.0	M	STI2D		ENERENV	ANGL	ALLEMAND	TF	12.65	12.55		9.55				14.4				12.1	11.9		11.8						13.2	13.2		7.3												
879405.0	M																		15.18	11.56		10.8	11.0	9.5			10.0	12.96	8.4		10.6	9.4	11.5			10.88	11.79	8.67		8.3	11.59	8.5	
355680.0	M	STI2D		ENERENV	ANGL	ESPAGN	TF	9.69	10.28		8.25				11.9				7.8	11.2		8.0						11.6	9.3		8.5												
211883.0	M	STI2D		ENERENV	ANGL	ESPAGN	TF	13.2	14.95		15.25				15.97				13.0	15.1		14.4						13.4	14.8		16.1												
301637.0	M	S	SVT	PHYSCHIM	ANGL	ALLEMAND	TF	16.22	14.97		17.73	14.25					17.05		16.13	15.08		16.63	15.25			16.77		16.32	14.87		18.84	13.25			17.34								
144070.0	M	STI2D		INNOV	ANGL	ESPAGN	FAV	11.4	10.55		9.85								13.2	11.2		7.6						9.6	9.9		12.1												
896733.0	F																																										
639637.0	M	S	SI	PHYSCHIM	ANGL	ALLEMAND	TF	8.62	10.6		7.7	14.2					14.0		7.84	10.0	13.5	7.5	15.2			14.0		9.4	11.2	14.0	8.0	13.29			14.0								
640211.0	M	S	SVT	PHYSCHIM	ANGL	CHINOIS	FAV	5.3	10.29		8.9	12.74	14.0				13.47		6.6	10.7		9.2	14.2	13.0		13.6		4.0	9.87		8.65	11.22	15.0		13.25								
622160.0	M	S	SVT	SVT	ANGL	ITALIEN	TF	12.09	10.59		7.55	11.0						7.99	10.52	10.92		8.83	8.5				8.18	13.67	10.27		7.6	13.25				7.81							
122859.0	M	STI2D		SINUM	ANGL	ESPAGN	FAV	10.75	12.44		8.0								10.5	13.29		7.0						11.0	11.6		9.0												
841812.0	M																		12.6			14.9						8.06			17.8						9.33			15.75			
567086.0	M	S	SVT	SVT	ALLEMAND	ANGL	TF	10.35	13.25		11.55	11.8						12.8	8.9	14.6		11.3	10.4				13.5	11.8	11.9		11.8	13.2											
639618.0	M	S	SI	PHYSCHIM	ANGL	ESPAGN	FAV	9.59	10.9		4.2	6.53					15.0		9.0	10.5	15.24	4.0	6.15			15.0		10.18	11.3	10.0	6.25	6.91			15.0								
242836.0	M	S	SVT	PHYSCHIM	ANGL	ALLEMAND	TF	8.0	14.2		12.0	12.7	14.0						7.94	13.71		11.67	13.44	12.0				8.0	14.8		12.83	13.78	16.0										
776431.0	F																		17.7	14.0		18.3	16.2	17.2	13.3			17.7	13.2		19.4	14.7	15.3	15.3			17.6	15.2		17.6	16.7	17.3	
671091.0	M	S	SVT	SVT	ANGL	ALLEMAND	RES	9.45	6.73		7.85	7.9	11.35					10.2	10.4	6.9		7.1	7.8	10.7			12.89	8.5	6.5		8.6	8.0	12.0			9.94							
671102.0	M	S	SVT	PHYSCHIM	ANGL	ALLEMAND	TF	11.95	11.32		12.15	14.0	14.1				10.55		12.0	11.2		14.0	13.8	10.2		10.1		11.9	11.4		10.3	14.2	18.0		11.3								
445593.0	M	S	SVT	PHYSCHIM	ANGL	ESPAGN	TF	12.25	11.55		12.72	15.33					10.7		12.0	12.8		13.77	16.3			9.2		12.5	10.3		11.67	14.36			12.2								
639586.0	M	STI2D		SINUM	ANGL	ESPAGN	RES	9.25	10.0		5.5								12.0	11.0		4.5						6.5	9.0		6.5												
774656.0	M																		9.0	10.8		9.29	10.67	11.0		13.38		10.0	9.6		7.08	10.0	13.29		11.37		7.3	13.1		11.53	10.88	7.5	
891304.0	M																																										
459845.0	M	S	SVT	PHYSCHIM	ANGL	CHINOIS	FAV	6.75	8.97		13.0	13.92					10.5		7.5	9.08		12.0	14.5			10.13		6.0	8.87		14.0	13.33			10.88								
260285.0	M	STI2D		ENERENV	ANGL	ESPAGN	FAV	8.45	8.85		9.45				13.8				9.0	9.1		11.9						7.9	8.6		7.0												
584907.0	M	STI2D		ENERENV	ANGL	ALLEMAND	DEF	6.75	9.73		8.25				5.93				6.0	9.33		8.5						7.5	10.13		8.0												
435039.0	M	S	SVT	SVT	ANGL	ESPAGN	FAV	5.25	12.23		5.5		14.89					12.65	8.0	12.57		5.0	13.2	14.78			13.3	2.5	11.9		6.0	13.5	15.0			12.0							
54754.0	F	STI2D		SINUM	ANGL	ALLEMAND	TF	15.75	13.05		9.15								16.5	13.5		11.2						15.0	12.6		7.1												
639645.0	M	S	SI	INFONUM	ANGL	ALLEMAND	TF	9.82	10.8		11.0	10.34							10.94	8.8	8.26	10.0	10.8					8.71	12.8	13.0	13.0	9.89											
460688.0	M	STI2D		INNOV	ANGL	ESPAGN	FAV	13.29	13.8		10.06								14.41	13.6		7.0						12.18	14.0		13.13												
816902.0	M																		7.28	8.5		9.71	6.75	13.5		12.3		8.32	7.0		10.83	10.0	10.5		4.0								
639607.0	M	S	SI	PHYSCHIM	ANGL	ALLEMAND	FAV	3.94	7.1		11.5	13.11					9.0		4.98	7.4	8.57	11.0	11.8			9.0		2.91	6.8	11.0	12.5	14.43			9.0								
428529.0	M	S	SVT	PHYSCHIM	ANGL	ALLEMAND	TF	9.5	11.5		13.5	9.0	13.5				10.5		7.5	10.5		12.5	10.5	13.0		9.5		11.0	12.5		14.0	7.5	14.0		11.0								
272432.0	M	S	SVT	SVT	ANGL	ESPAGN	RES	10.5	8.05		8.75	9.5						8.75	11.3	7.3		6.0	8.8				7.8	9.7	8.8		11.5	10.2				9.7							
428823.0	M	S	SVT	PHYSCHIM	ANGL	ESPAGN	TF	9.0	10.18		9.97	12.0	14.87				10.62		9.5	11.36		11.0	11.5	15.0		9.75		8.5	9.0		8.94	12.5	14.75		11.5								
64259.0	M	S	SVT	PHYSCHIM	ANGL	ALLEMAND	TF	11.87	13.57		14.48	14.5					10.6		11.59	14.3		14.2	14.3			10.13		9.61	13.1		14.12	14.78			10.95								
756746.0	M																		13.0			10.27						11.5			9.19						12.5			13.4			
639587.0	F	STI2D		ENERENV	ANGL	ESPAGN	FAV	11.59	9.16		10.89				13.0				12.0	9.33		9.67						11.19	9.0		12.11												
264946.0	M	S	SVT	MATHS	ANGL	ALLEMAND	TF	13.33	12.6		16.16	11.84				13.25			11.67	12.21		14.83	9.75		12.75			15.0	13.5		17.5	13.93		13.75									
331042.0	M	S	SVT	MATHS	ESPAGN	ANGL	DEF	5.95	6.1		9.95	6.55	11.34			3.75			6.5	5.1		7.8	4.4	11.67	2.0			5.4	7.1		12.1	8.7	11.0	5.5									
639633.0	M	S	SI	PHYSCHIM	ANGL	ESPAGN	FAV	5.25	8.7		9.5	10.75					13.0		5.59	7.3	12.97	9.5	11.35			13.0		4.91	10.1	15.0	10.5	10.15			13.0								
253763.0	M	S	SVT	PHYSCHIM	ANGL	ESPAGN	FAV	11.17	13.5		9.85	10.5	9.62						11.08	12.0		10.7	11.0	9.5		14.0		11.26	8.8		9.0	10.0	9.75		13.0								
483116.0	M	STI2D		ENERENV	ANGL	ALLEMAND	TF	17.68	16.78		10.5				16.79				16.89	17.94		12.0						18.48	15.63		9.0												
514102.0	M	S	SVT	SVT	ANGL	ESPAGN	TF	11.34	13.0		12.0	12.23						16.83	12.67	14.0		9.5	12.17				16.14	10.02	12.0		14.5	12.29				17.52							
530466.0	F	S	SVT	PHYSCHIM	ANGL	ALLEMAND	RES	5.75	7.3		10.0	8.7					12.9		7.0	8.2		10.0						4.5	6.4		10.0	7.5											
264966.0	M	S	SVT	MATHS	ANGL	ALLEMAND	TF	10.9	10.13		8.29	10.28				10.5			10.17	9.29		8.83	10.63		9.75			11.63	12.08		7.75	9.93		11.25									
235561.0	M	STI2D		ENERENV	ANGL	ALLEMAND	FAV	5.6	7.8		12.5				11.7				6.5	9.1		12.6						4.7	6.5		16.5												
848401.0	M																		11.5	15.4		14.5	11.5	12.4			12.0	9.4	12.4		13.7	12.8	7.0			13.0	8.0	14.0		13.0	14.0	14.0	
491745.0	M	S	SI		ANGL	ALLEMAND	FAV	12.42	14.1	14.05	7.17	8.87							13.17	12.67	16.44	5.17	10.0					11.68	15.53	11.67	9.17	7.75											
877504.0	M																		11.09	10.3		13.0	12.67	12.0				11.49	8.9		10.0	11.69	13.83				5.88	9.4		10.75	9.85	11.0	
363969.0	M	STI2D		ENERENV	ANGL	ESPAGN	FAV	9.65	8.85		9.15				15.0				12.8	10.4		11.5						6.5	7.3		6.81												
301502.0	M	S	SI	PHYSCHIM	ANGL	ESPAGN	TF	12.5	12.62	11.44	13.89	13.36					16.85		12.0	11.52	11.88	12.67	12.88			17.29		12.9	13.73	11.0	15.12	13.84			16.41								
544008.0	M	S	SI	PHYSCHIM	ANGL	ALLEMAND	RES	4.75	9.5	9.0	9.75	2.0					7.25		4.0	12.5	11.0	10.0	3.0			10.0		5.5	6.5	7.0	9.5	1.0			4.5								
209427.0	M	S	SVT	MATHS	ANGL	ALLEMAND	FAV	8.83	8.9		10.37	12.11				8.47			8.5	7.8		11.5	12.3		8.94			9.17	10.0		9.25	11.92		8.0									
203046.0	M	STI2D		INNOV	ANGL	ESPAGN	RES	4.6	10.4		8.51								6.7	10.81		6.22						2.5	10.0		10.8												
567326.0	F	S	SVT	MATHS	ANGL	ALLEMAND	TF	14.06	14.35		15.05	16.75	16.35			14.8			15.5	13.5		15.2	16.5	17.0	16.5			12.5	15.2		14.9	17.0	15.7	13.0									
364001.0	M	STI2D		INNOV	ANGL	ESPAGN	FAV	3.65	10.2		8.24								3.6	8.4		5.0						3.7	12.0		11.48												
192307.0	M	S	SVT	SVT	ANGL	ESPAGN	RES	5.35	6.3		8.59	8.85							6.2	6.25		9.71	9.0	12.0				4.5	6.36		7.48	8.7											
382303.0	M	S	SVT	SVT	ANGL	ESPAGN	TF	13.4	11.75		12.67	10.53						12.45	14.8	13.5		10.93	12.46				14.4	12.0	10.0		14.42	8.6				10.5							
797839.0	M																																										
470849.0	M	S	SVT	PHYSCHIM	ANGL	ESPAGN	FAV	4.49	6.81		10.05	7.62					13.58		5.09	7.43		10.0	7.0			11.67		3.9	6.19		10.1	8.25			15.5								
445848.0	M	S	SVT	PHYSCHIM	ANGL	ESPAGN	TF	13.6	11.8		13.31	15.86					11.45		14.1	12.1		13.67	17.0			10.2		13.1	11.5		13.5	14.73			12.7								
574222.0	F	STI2D		ENERENV	ANGL	ESPAGN	TF	10.27	12.72		12.65				15.06				9.88	11.19		14.16						10.66	14.25		11.15												
135368.0	M	S	SVT	SVT	ANGL	ESPAGN	TF	6.95	9.9		6.65	9.8	12.25					8.8	7.4	9.5		7.1	10.3	13.0			10.1	6.5	10.3		6.2	9.3	11.5			7.5							
907889.0	M																		15.88	14.0		11.05	13.71	5.67		14.2		13.25	14.11		12.7	13.38	6.33		10.0		11.75	13.11		10.78	13.63	5.5	
780549.0	M																		6.0	9.1		8.1	4.5	7.0		12.9		7.5	9.2		5.4	7.4	7.8		9.0		5.0	10.3		6.0	7.0	10.0	
280134.0	M	S	SVT	PHYSCHIM	ANGL	ESPAGN	TF	4.25	6.95		7.05	8.0	12.0				4.3		4.8	7.6		7.0	11.3	12.0		3.2		3.7	6.3		7.1	7.2	12.0		5.0								
665762.0	M	S	SVT	PHYSCHIM	ANGL	ESPAGN	TF	13.5	10.65		11.3	8.9					10.95		14.5	10.8		12.3	8.8			10.3		12.5	10.5		10.3	9.1			11.6								
624563.0	M	STI2D		ENERENV	ANGL	ESPAGN	FAV	14.98	11.8		10.7				12.0				16.44	9.38		12.33						13.53	13.9		9.08												
123230.0	M	STI2D		ENERENV	ANGL	ESPAGN	TF	12.75	12.59		11.12				10.75				13.5	13.0		11.13						12.0	12.19		11.11												
358001.0	M	S	SI		ANGL	ESPAGN	FAV	7.4	10.21	11.69	12.88	8.87							6.4	10.5	10.75	13.1	8.67					8.4	9.92	12.63	12.67	9.07											
930116.0	M																		16.3	12.45		9.7	10.1	10.3			15.0	17.5	14.53		8.0	9.3	8.7			16.5	15.8	11.33		6.9	8.2	8.6	
323602.0	M	S	SVT	PHYSCHIM	ANGL	ALLEMAND	TF	10.6	12.1		13.05	14.7	15.0				10.65		11.1	12.4		12.3	15.7	13.2		9.8		10.1	11.8		13.8	13.7	16.8		11.5								
624697.0	M	STI2D		ENERENV	ANGL	ESPAGN	FAV	9.35	11.3		10.66				14.16				9.62	12.18		10.0						9.09	10.57		11.33												
260267.0	M	S	SI	MATHS	ANGL	ALLEMAND	TF	12.75	15.9	13.75	11.15	8.55	15.75						11.5	16.3	16.2	12.0	9.3	15.5				14.0	15.5	11.3	10.3	7.8	16.0	15.0									
889042.0	M																																										
158131.0	M	S	EAT	EAT	ANGL	ESPAGN	RES	7.0	8.4		6.85	9.88							7.02	8.33		8.7	10.0					6.92	8.5		5.0	9.75											
317544.0	M	STI2D		ENERENV	ANGL	ESPAGN	FAV	10.3	11.8		11.22				13.6				10.8	11.3		11.9						9.8	12.2		10.5												
887722.0	M																		7.2	11.9		6.1	9.8	13.5	8.8			9.6	11.0		6.8	13.5	12.5	9.0			10.8	10.9		7.7	11.5	13.0	
363994.0	M	STI2D		SINUM	ANGL	ESPAGN	RES	3.2	8.2		6.53								4.5	9.4		5.5						1.9	7.0		7.56												
255886.0	M	STI2D		ENERENV	ANGL	ESPAGN	TF	14.95	12.65		14.65				9.85				17.1	12.1		15.1						12.8	13.2		14.2												
149717.0	M	STI2D		ENERENV	ANGL	ESPAGN	TF	10.0	13.82		13.42				11.4				11.33	13.33		14.11						7.89	14.3		12.73												
887534.0	F																		17.1	15.4		14.9	14.7	16.9	11.6			12.4	15.3		16.7	15.6	12.1	10.1									
122978.0	M	STI2D		ENERENV	ANGL	ESPAGN	FAV	10.25	9.2		9.9				9.21				11.0	10.29		9.78						9.5	8.12		10.02												
599272.0	F	S	SVT	PHYSCHIM	ANGL	ALLEMAND	TF	8.25	9.0		13.1	7.1					12.55		7.9	7.4		12.6	7.2			11.3		8.6	10.6		13.6	7.2			13.8								
434932.0	M	S	SVT	PHYSCHIM	ANGL	ALLEMAND	TF	13.75	15.0		11.18	12.98					14.75		15.5	15.5		9.7	13.22			14.5		12.0	14.5		12.67	12.75			15.0								
589254.0	M	STI2D		ENERENV	ANGL	ESPAGN	RES	5.8	6.6		8.7				11.0				4.3	6.7		10.0						7.2	6.0		7.4												
643302.0	M	STI2D		ENERENV	ANGL	ESPAGN	TF	12.0	14.5		8.0				14.35				14.0	13.0		10.0						10.0	16.0		6.0												
192405.0	M	S	SVT	PHYSCHIM	ANGL	ESPAGN	FAV	8.84	10.0		12.66	11.0	14.0				12.4		8.12	11.0		15.33	10.33	14.0		12.0		9.57	9.0		10.0	11.67	14.0		12.8								
317547.0	M	STI2D		ENERENV	ANGL	ESPAGN	FAV	12.1	13.5		12.3				14.1				12.2	13.7		11.3						12.0	13.3		13.3												
764067.0	M																		10.8	9.8	15.3	9.0	14.0	10.0				10.0	13.0	13.7	11.0	9.5	11.3				11.0	12.7	11.3	8.0	10.2	9.5	
382270.0	M	S	SVT	SVT	ANGL	ESPAGN	TF	10.5	11.75		10.69	12.32						13.04	11.5	13.0		8.71	11.64				14.75	9.7	10.5		12.68	13.0				11.33							
340088.0	M	S	SI	PHYSCHIM	ANGL	ESPAGN	TF	9.95	14.56	14.61	15.48	6.71					16.27		9.3	15.61	14.86	16.91	8.83			16.86		10.6	13.51	14.36	14.06	4.6			15.69								
434927.0	M	S	SVT	SVT	ANGL	ESPAGN	TF	9.2	15.36		15.25							14.02	9.4	15.43		13.5	12.71				12.56	9.0	15.3		17.0	15.82				15.49							
585124.0	F	S	SVT	PHYSCHIM	ANGL	ESPAGN	TF	6.05	11.64		11.75	10.79					10.4		5.4	12.03		11.5	12.82			10.25		6.7	11.25		12.0	8.76			10.55								
55007.0	M	STI2D		ENERENV	ANGL	ESPAGN	FAV	14.75	14.05		12.95				12.85				15.5	12.6		12.3						14.0	15.5		13.6												
382217.0	M	S	SVT	MATHS	ALLEMAND	ANGL	TF	11.4	14.68		13.5	12.0				14.25			11.1	14.77		12.5	11.0		13.5			11.7	14.59		14.0	14.0		15.0									
631358.0	M	STI2D		ENERENV	ANGL	ESPAGN	FAV	12.1	12.2		10.9				13.35				9.7	11.8		10.7						14.5	12.6		11.1												
134271.0	M	S	SVT	PHYSCHIM	ANGL	ALLEMAND	FAV	10.57	12.41		8.17	10.89					10.35		10.15	13.41		7.42	10.18			10.57		10.99	11.41		8.93	11.61			10.13								
881861.0	M																		11.5	14.75		11.63	12.2	13.9		13.75		15.42	16.0		13.17	12.0	9.3		13.75								
357954.0	M	S	SI	MATHS	ANGL	ALLEMAND	FAV	10.65	11.91	12.76	11.27	10.47				7.97			11.8	12.0	13.05	11.11	9.32		7.95			9.5	11.83	12.47	11.43	11.63		8.0									
805243.0	M																																										
445775.0	M	S	SVT	SVT	ANGL	ALLEMAND	TF	6.61	8.53		15.14	11.07	14.85					11.4	7.46	9.14		15.52	11.96	15.0			12.8	5.77	7.92		14.76	10.19	14.71			10.0							
585177.0	M	STI2D		ENERENV	ANGL		FAV	10.7	11.73		9.0				10.9				11.4	11.17		9.0						10.0	12.28		9.0												
567694.0	M	STI2D		ENERENV	ANGL	ESPAGN	FAV	13.89	12.04		8.0				11.67				13.0	13.04		11.17						14.79	11.05		4.83												
905984.0	F																		12.86	13.8		15.0	11.5	15.4	8.5			10.67	13.6		16.5	13.0	15.5	8.0			11.11	13.5		16.5	14.5	13.4	
398854.0	M	STI2D		SINUM	ANGL	ESPAGN	TF	10.15	11.5		13.63								10.3	12.5		12.0						10.0	10.5		15.25												
887765.0	M																		8.5	12.4	16.44	5.86	6.36	7.75				10.91	11.57	14.9	2.52	7.82	6.5				9.3	9.9	11.9	6.0	7.79	6.5	
253225.0	M	S	SI		ANGL	ALLEMAND	DEF	6.5	8.0	9.1	9.0	6.4							5.6	9.4	10.9	11.0	6.8					7.3	6.5	7.2	10.8	5.9											
576591.0	M	S	SVT	PHYSCHIM	ANGL	ALLEMAND	TF	10.0	10.8		12.8	12.0					12.5		9.7	10.7		9.0	11.7			11.0		10.2	10.7		16.7	11.2			14.0								
266049.0	M	STI2D		INNOV	ANGL	ESPAGN	TF	15.45	15.3		13.5								14.5	14.2		12.5						16.4	16.4		14.5												
435136.0	M	S	SVT	PHYSCHIM	ANGL	ESPAGN	TF	15.12	15.02		11.28	12.6					14.78		16.0	14.75		10.82	12.2			15.0		14.25	15.3		11.75	13.0			14.56								
462605.0	M	S	SVT	SVT	ANGL	ESPAGN	FAV	13.7	11.5		5.6	7.3						11.0	15.6	12.6		6.3	7.9				11.8	11.8	10.4		4.9	6.6				10.2							
654484.0	M	STI2D		ENERENV	ANGL	ESPAGN	TF	8.58	12.2		12.1				13.95				8.76	12.83		13.2						8.35	11.5		11.1												
622692.0	M	S	SVT	SVT	ANGL	ESPAGN	TF	13.5	12.1		9.7	12.25	14.5					14.5	12.0	13.5		10.5	12.8	13.0			15.0	15.0	10.8		9.7	11.5	16.0			12.5							
302728.0	M	S	SVT	SVT	ANGL	ALLEMAND	FAV	10.2	14.0		12.85	10.45						11.9	8.7	14.0		11.5	10.27				12.6	11.6	14.0		14.19	10.63											
205565.0	M	S	SVT	SVT	ANGL	ESPAGN	RES	6.24	8.35		6.44	9.42						10.75	6.09	9.1		6.25	10.75				11.0	6.39	7.6		6.63	8.09				10.5							
39211.0	M	STI2D		INNOV	ANGL	ESPAGN	RES	8.25	3.65		8.8								9.5	3.0		9.3						7.0	4.3		8.3												
260424.0	F	S	SI	INFONUM	ANGL	ALLEMAND	TF	8.3	10.0	10.8	14.9	8.45							10.1	9.6	11.5	14.2	8.9					6.5	10.4	10.1	15.6	8.0											
256054.0	M	S	SI		ANGL	ESPAGN	TF	8.15	5.55	11.75	10.35	12.75							6.9	6.1	11.6	11.0	11.1					9.4	5.0	11.9	9.7	14.4											
924357.0	M																		5.65	9.93	7.88	14.0	12.07	8.8				4.58	8.39	6.56	10.15	9.68	2.5				4.78	5.69	9.47	12.39	10.74	8.27	
415381.0	F	S	SVT	MATHS	ANGL	ESPAGN	TF	17.53	17.6		12.64	12.9	14.0			14.0			17.43	16.8		13.25	12.29	13.0				17.64	18.4		12.04	13.51	15.0	13.88									
906885.0	M																		7.6	11.2		15.0	2.5	12.0		10.33		4.7	9.5		14.95	3.0	11.0		13.83		6.2	7.5		15.8	2.5	11.3	
122925.0	M	STI2D		ENERENV	ANGL	ALLEMAND	RES	11.25	9.25		8.39				10.31				10.5	10.21		8.29						12.0	8.29		8.49												
904519.0	M																		8.78			8.75						11.0			10.3						9.0			11.5			
299040.0	M	S	SVT	SVT	ANGL	ALLEMAND	RES	4.62	8.35		11.0	11.4						10.73	5.16	10.39		10.0	12.56				8.42	4.08	6.32		12.0	10.25				13.04							
514101.0	M	S	SVT	SVT	ANGL	ESPAGN	TF	7.66	11.3		7.5	10.1						13.17	8.74	13.0		9.5	10.92				13.71	6.58	9.6		5.5	9.28				12.64							
364165.0	M	STI2D		ENERENV	ANGL	ESPAGN	FAV	2.8	7.3		9.64				13.75				2.3	7.3		9.0						3.3	7.3		10.29												
123119.0	M	S	SVT	PHYSCHIM	ANGL	ALLEMAND	TF	13.21	16.12		17.25	14.5	13.75				15.86		12.38	16.5		18.0	13.64	15.5		15.42		14.05	15.75		16.5	14.2	12.0		16.3								
520120.0	M	S	SVT	MATHS	ANGL	ESPAGN	DEF		9.4		4.3	5.05				11.2				8.7		5.2	6.9		13.0				10.1		3.4	3.2		9.4									
489777.0	M	STI2D		ENERENV	ANGL	ALLEMAND	FAV	7.7	6.85		15.35				7.1				6.6	6.0		15.1						8.8	7.7		15.6												
272775.0	M	S	SVT	PHYSCHIM	ALLEMAND	ANGL	FAV	7.9	8.75		8.7						10.5		8.36	9.5		8.6	10.0			10.5		7.44	8.0		8.89	11.49			10.65								
84360.0	M	S	SVT	PHYSCHIM	ANGL	ALLEMAND	TF	11.9	9.75		10.95	11.1	11.1				12.7		12.5	12.2		10.7	10.6	10.7		13.1		11.3	7.3		11.2	11.6	11.5		13.2								
398909.0	M	S	SI		ANGL	ITALIEN	FAV	4.7	8.05	8.78	9.55																																
158142.0	F	S	EAT	EAT	ANGL	ALLEMAND	TF	12.4	14.63		9.26	10.08	18.0						15.47	16.0		10.27	8.82	12.0				9.22	13.25		8.25	11.33	18.0										
298180.0	M	P		ELECTTECH	ANGL																																						
39225.0	M	STI2D		ENERENV	ANGL	ESPAGN	FAV	9.25	9.05		14.9				14.95				9.0	8.7		16.0						9.5	9.4		13.8												
318890.0	M	S	SVT	PHYSCHIM	ANGL	ESPAGN	FAV	11.05	9.1		11.7	14.55	11.5				11.75		11.9	10.1		13.5	14.4	12.0		12.0		10.2	8.1		9.9	14.7	11.0		11.5								
149672.0	M	STI2D		ENERENV	ANGL	ESPAGN	TF	12.39	14.2		10.56				11.06				13.25	11.75		10.92						11.52	16.55														
70442.0	M	S	SVT	PHYSCHIM	ANGL	ESPAGN	FAV	8.75	9.52		12.69	10.06					13.7		10.0	11.14		13.38	10.34			14.0		7.5	7.91		12.0	9.79			13.4								
134335.0	M	S	SVT	SVT	ANGL	ALLEMAND	FAV	8.66	11.47		9.96	12.22	13.33					11.5	8.11	13.27		10.0	11.67	11.67			11.33	9.21	9.68		9.93	12.77	15.0			11.67							
389209.0	M	ES		MATHS	ANGL	CHINOIS	RES																																				
410570.0	M	S	SVT	PHYSCHIM	ANGL	ESPAGN	TF	11.2	11.68		14.81	14.58	13.5				12.0		11.0	12.47		15.0	16.33			13.0		11.4	10.9		14.63	12.83			11.0								
358761.0	M	STI2D		ENERENV	ANGL	ESPAGN	FAV	8.4	7.8		11.4				11.35				11.3	8.4		10.0						5.5	7.2		12.8												
470802.0	M	S	SVT	SVT	ANGL	ALLEMAND	FAV	8.8	8.25		11.58	11.68						14.75	8.28	10.5		12.17	12.22				13.5	9.33	6.0		11.0	11.14				16.0							
264952.0	M	STL		PHYSCHIMLAB	ANGL	ESPAGN	TF	13.31	17.63		7.75								14.2	18.19		8.7						12.43	17.07		6.8												
253798.0	M	S	SVT	PHYSCHIM	ANGL	ESPAGN	TF	12.61	13.8		11.15	13.03	12.37						10.93	13.9		12.8	14.11	12.75		14.0		14.29	12.2		9.5	11.96	12.0		13.5								
90459.0	M	S	SVT	PHYSCHIM	ESPAGN	ANGL	FAV	8.57	11.55		9.98	10.95					13.42		8.75	11.12		9.85	9.89			13.26		8.4	11.98		10.11	12.0			13.58								
662513.0	M	STI2D		ENERENV	ANGL		TF		10.4		13.5				13.6				10.2	8.8		13.5						15.2	12.0		13.6												
434968.0	M	S	SVT	PHYSCHIM	ALLEMAND	ANGL	FAV	6.29	11.17				14.94				11.99		6.08	11.24		5.18	10.25	14.89		12.1		6.5	11.1		7.29	9.17	15.0		11.89								
855976.0	M																		12.5	11.0		8.5	12.5	13.5		16.5		15.0	13.0		6.5	11.0	15.0		11.5		9.0	10.0		11.5	11.0	14.0	
223381.0	M	STI2D		ENERENV	ANGL			5.3	11.5		12.1				15.8				5.3	11.5		12.1																					
829243.0	M																																										
760168.0	F																		5.3	9.9		11.3	10.5	12.9		7.5		4.8	7.9		10.6	12.1	10.6		13.0		5.9	7.1		8.0	12.9	10.4	
321967.0	M	STL		PHYSCHIMLAB	ANGL	ESPAGN	TF	15.5	15.0		11.86								16.05	13.49		11.38						13.99	16.52		12.33												
871402.0	M																		6.2	12.0	15.0	11.4	9.5	11.0		13.75		5.0	10.0	12.2	7.3	11.3	12.5		9.72		3.9	10.0	9.3	6.7	7.9	7.67	
39310.0	M	STI2D		ENERENV	ANGL	ESPAGN	RES	6.5	5.85		8.15				13.3				9.0	5.0		7.7						4.0	6.7		8.6												
200674.0	M	S	SVT	SVT	ANGL	ESPAGN	TF	9.84	10.58		10.32	10.75						13.35	12.0	10.75		9.5	12.5				14.0	7.68	10.42		11.14	9.0				12.7							
568656.0	M	STI2D		ENERENV	ANGL	ESPAGN	FAV	6.6	10.93		14.37				17.2				6.6	10.11		14.37																					
202729.0	M	STI2D		INNOV	ANGL	ALLEMAND	FAV	9.79	12.5		9.36								11.78	13.5		9.71						7.8	11.5		9.0												
101898.0	M	STG		COMPTAFI	ANGL	ESPAGN	RES																																				
459136.0	M	S	SVT	PHYSCHIM	ANGL	ALLEMAND	TF	13.0	14.0		14.0	13.05					15.3		13.7	15.2		14.0	12.8			15.2		12.3	12.7		13.9	13.3			15.4								
438046.0	M	STI2D		ENERENV	ANGL	ALLEMAND	TF	13.0	13.34		11.5				13.9				13.09	12.67		14.78						12.83	14.0		8.33												
301580.0	M	S	SI		ANGL	ESPAGN	FAV	9.4	8.64	11.25	15.19	11.77							10.0	8.57	13.0	12.64	11.63					8.8	8.71	9.5	15.04	11.92											
494087.0	M	S	SI		ANGL	ALLEMAND	RES	8.75	9.1	11.35	15.6	13.05							8.0	9.3	12.9	14.9	10.0					9.5	8.9	9.8	16.3	16.1											
109949.0	M	S	SVT	PHYSCHIM	ANGL	ALLEMAND	FAV	8.74	12.17		8.87	6.39	13.25				12.23		9.31	13.85		8.13	6.0	13.0		14.17		8.17	10.5		9.62	6.78	13.5		10.3								
129798.0	M	STI2D		INNOV	ANGL	ESPAGN	FAV	6.53	7.93		8.41								4.63	9.19		7.7						8.43	6.67		9.12												
445843.0	F	S	SVT	MATHS	ANGL	ESPAGN	TF	15.92	12.27		13.89	15.56				14.7			16.02	11.62		13.96	16.4		15.1			15.82	12.92		13.83	14.73		14.3									
807568.0	M																		15.5	11.86		13.5	11.0	12.67			11.5	12.33	9.67		7.5	10.0	11.31			9.0	13.0	11.75		9.5	7.0	11.8	
435123.0	M	S	SVT	PHYSCHIM	ANGL	ALLEMAND	TF	8.25	12.55		14.75	12.83					14.5		7.5	12.5		12.5	13.0			15.5		9.0	12.6		17.0	12.67			13.5								
434999.0	M	S	SVT	PHYSCHIM	ANGL	ESPAGN	TF	9.7	13.53		14.21						9.0		9.4	12.86		13.75	12.0			10.0		10.0	14.2		14.67	13.06			8.0								
153309.0	M	CPES					TF												9.9	11.67		15.2	12.5	10.33	7.12			10.5	9.51		16.1	13.0	10.2	11.7			12.0	9.18		12.41	10.0	13.33	
317592.0	M	STI2D		ENERENV	ANGL	ESPAGN	RES	9.6	11.7		11.81				12.4				10.5	11.6		13.1						8.6	11.8		10.5												
422471.0	M	S	SVT	SVT	ANGL	ESPAGN	FAV	7.34	9.15		9.5	12.15							6.0	8.5		8.0	15.2					8.68	9.8		11.0	9.11											
37925.0	M	STI2D		ENERENV	ANGL	ESPAGN	RES	8.75	11.55		7.22				11.66				9.5	10.92		9.38						8.0	12.18		5.07												
470578.0	M	S	SVT	SVT	ANGL	ESPAGN	TF	12.48	12.87		16.77	14.64						14.93	11.63	12.5		16.55	14.29				15.37	13.33	13.25		17.0	15.0				14.5							
364124.0	M	S	SI	INFONUM	ANGL	ESPAGN	FAV	9.0	9.0	13.0	12.75	11.5	11.5						10.4	11.0	9.84	12.5	10.78	13.64				9.2	7.75	10.8	13.5	10.56	10.75										
264864.0	M	S	SVT	PHYSCHIM	ANGL	ESPAGN	TF	7.91	12.1		10.5	11.07					10.34		7.33	12.1		11.0	12.0			8.74		8.5	12.01		10.0	10.14			11.94								
122893.0	M	STI2D		SINUM	ANGL	ESPAGN	RES	12.0	6.68		4.85								12.0	7.86		3.2						12.0	5.5		6.5												
272642.0	M	S	SVT	PHYSCHIM	ANGL	ESPAGN	FAV	6.81	12.2		8.2	12.69					8.73		7.74	13.5		9.6	13.25			6.25		5.38	10.9		6.8	12.13			11.22								
828146.0	M																		7.51	13.72		11.27	7.07	8.5				7.9	11.44		10.0	8.8	7.33				10.9	9.27		12.06	11.0	8.92	
936242.0	M																		10.05	15.0		11.73	12.9	11.57		12.67		11.0	15.5		11.5	10.5	9.5		14.5		13.6	14.5		12.0	11.5	14.6	
235293.0	M	S	SVT	PHYSCHIM	ANGL	ESPAGN	TF	7.9	11.9		13.0	11.8					13.65		9.4	13.7		13.0	12.8			12.3		6.3	10.1		13.0	10.8			15.0								
331532.0	M	S	SVT	MATHS	ANGL	ALLEMAND	FAV	12.0	10.25		11.34	11.31	12.75			14.7			11.0	11.0		11.75	10.95	12.5	14.3			13.0	9.5		10.93	11.67	13.0	15.1									
521095.0	M	STI2D		ARCHI	ANGL	ESPAGN	TF	13.5	14.31		10.53								13.2	14.62		9.5						13.81	14.0		11.57												
862594.0	M																		11.4	11.8		12.5	9.7	8.0		13.3		8.3	7.6		11.6	9.7	11.4		11.9		12.1	8.3		11.6	10.0	9.4	
904875.0	M																		12.92	12.9		13.25	14.39	14.6	15.17			13.86	12.5		14.0	13.53	12.5	15.5			14.57	8.0		15.75	14.0	9.88	
491746.0	M	STI2D		ENERENV	ANGL	ALLEMAND	FAV	10.26	12.43		13.33				12.79				11.98	11.86		11.83						8.54	13.0		14.83												
919600.0	M																		14.0	15.8		12.5	12.0	13.0		17.9		16.0	15.8		12.7	11.0	14.0		15.4		15.0	16.5		13.0	10.0	15.0	
477233.0	M	S	SVT	PHYSCHIM	ANGL	ESPAGN	TF	9.33	8.43		8.86	13.56	17.0				10.44		9.9	8.75		7.88	14.12	17.0		11.22		8.76	8.12		9.84	13.0	17.0		9.67								
192279.0	M	S	SVT	SVT	ANGL	ESPAGN	FAV	11.9	10.4		6.7	7.29							13.5	10.75		8.08	7.31					10.3	10.05		5.33	7.27											
253631.0	M	STG		COMMRH	ANGL	ESPAGN	DEF																																				
831768.0	F																		9.24	13.13		12.17	15.67	10.7			13.08	5.97	13.3		10.67	13.75	11.94			8.64	8.41	9.39		10.2	12.75	12.31	
639589.0	M	STI2D		ENERENV	ANGL	ESPAGN	FAV	10.61	11.25		13.72				14.15				10.6	11.5		10.78						10.63	11.0		16.67												
342576.0	M	S	SVT	SVT	ESPAGN	ANGL	FAV	8.4	8.7		12.0							11.0	7.8	8.4		12.2	9.5				9.9	8.2	8.9		11.2	13.0				11.1							
811437.0	M																		7.0	10.4		8.7	10.3	9.3		9.0		9.0	11.4		9.2	10.9	9.6		10.8		10.3	14.6		8.3	8.4	6.5	
931797.0	M																		7.2	11.0		9.4	13.3	12.2		12.3		10.7	9.1		12.4	14.5	9.2		16.3								
123276.0	M	S	SVT	PHYSCHIM	ANGL	ESPAGN	TF	15.22	14.06		12.5	13.9	16.12				11.91		16.0	13.0		11.0	13.2	15.25		13.12		14.45	15.13		14.0	14.6	17.0		10.7								
398937.0	M	STI2D		INNOV	ANGL	ESPAGN	RES	7.25	8.09		10.84								9.5	10.17		11.0						5.0	6.0		10.67												
887731.0	M																		9.0	12.18	12.0	13.15	10.65	14.0				12.0	13.17	11.93	11.95	15.13	14.75				12.3	14.7	14.0	14.0	13.75	13.44	
609814.0	M	STI2D		ENERENV	ANGL		FAV	11.88	10.8		13.79				14.06				11.56	9.2		14.3						12.21	12.4		13.29												
359227.0	M	S	SVT	SVT	ANGL	ESPAGN	RES	8.5	7.6		9.7	13.3						9.2	8.6	9.0		9.9	14.3				9.8	8.4	6.1		9.5	12.3				8.5							
211894.0	M	STI2D		ENERENV	ANGL	ESPAGN	FAV	12.05	12.35		9.4				10.25				10.5	11.9		7.7						13.6	12.8		11.1												
336285.0	M	S	SVT	MATHS	ANGL	ESPAGN	FAV	8.7	7.6		8.8	15.4				8.7			8.7	7.6		8.8	15.4		8.7																		
398955.0	M	STI2D		INNOV	ANGL	ESPAGN	FAV	7.13	12.67		11.26								8.33	11.83		10.88						5.92	13.5		11.63												
235395.0	M	S	SVT	MATHS	ANGL	ESPAGN	TF	12.8	12.75		5.9	13.6				15.9			13.5	12.0		4.6	13.9		13.8			12.1	13.5		7.3	13.3		18.0									
340257.0	M	S	SVT	INFONUM	ANGL	ALLEMAND	FAV	9.88	9.0		8.0	8.5							9.25	9.62		6.67	8.36					10.5	7.42		8.88	8.5											
549950.0	M	S	SVT	SVT	ANGL	ALLEMAND	TF	6.5	14.3		6.4	5.7						8.7	4.5	14.0		8.2	6.0				9.4	8.5	14.5		4.5	5.4				8.0							
148022.0	M	STI2D		SINUM	ANGL		TF	12.96	13.02		15.39								16.25	14.39		15.42						9.67	11.65		12.38												
208790.0	M	S	SVT	PHYSCHIM	ANGL	ESPAGN	TF	13.09	12.0		13.13	12.85					15.12		13.68	12.0		13.88	11.6			13.0		12.51	12.0		12.38	14.1			17.25								
585129.0	M	STI2D		ENERENV	ANGL		DEF	8.6	8.75		8.0				7.1				8.7	7.17		8.0						8.5	10.33		8.0												
825695.0	M																		9.75	12.9		15.75	13.3	10.83	10.57			9.51	13.43		13.0	12.54	13.0	7.0			11.96	13.0		11.5	10.91	14.0	
38003.0	M	STI2D		INNOV	ANGL	ESPAGN	DEF	9.32	5.88		6.17								10.31	6.76		6.85						8.34	5.0		5.5												
247938.0	M	S	SI		ANGL	ESPAGN	FAV	10.57	8.73	13.32	11.9	12.51							10.75	9.38	12.92	11.67	14.17					10.38	8.08	13.72	12.24	10.84											
122992.0	M	S	SVT	PHYSCHIM	ANGL	ESPAGN	FAV	11.31	12.77		10.25	11.75					10.92		9.08	13.17		8.5	10.0			10.85		13.55	12.38		12.0	13.5			11.0								
520921.0	M	STI2D		ENERENV	ANGL	ESPAGN	RES	6.03	7.18		10.77				10.91				5.5	8.48		10.83						6.56	5.89		10.71												
211885.0	M	STI2D		ENERENV	ANGL	ESPAGN	RES	5.65	8.5		10.7				9.87				6.8	8.3		11.0						4.5	8.7		10.4												
74048.0	M	S	SVT	PHYSCHIM	ALLEMAND	ANGL	FAV	5.45	6.7		12.2	13.35					7.35		5.3	7.1		12.0	15.5			5.5		5.6	6.3		12.4	11.2			9.2								
445699.0	M	S	SVT	MATHS	ANGL	ESPAGN	TF	13.28	16.8		15.42	16.31				12.23			13.9	16.71		16.09	18.5		13.08			12.67	16.9		14.75	14.13		11.39									
334102.0	M	STI2D		ENERENV	ANGL	ESPAGN	TF	15.0	12.97		10.0				17.54				16.5	12.46		11.5						13.5	13.33		8.0												
767369.0	M																		18.3			11.0						17.7			13.0						16.0			11.0			
38002.0	M	S	SVT	SVT	ANGL	ESPAGN	FAV	10.05	10.26		10.33	9.55						11.18	11.3	11.64		12.32	8.4	18.5			11.37	8.8	8.88		8.34	10.7	19.0			11.0							
38000.0	M	S	SVT	SVT	ANGL	ESPAGN	FAV	9.35	10.67		8.21	10.45						10.44	10.7	11.47		12.21	10.2	15.5			9.89	8.0	9.88		4.21	10.7	20.0			11.0							
544129.0	M	STI2D		INNOV	ANGL		FAV	3.75	10.0		9.75								4.0	11.0		11.0						3.5	9.0		8.5												
292947.0	M	S	SVT	SVT	ANGL	ESPAGN	FAV	6.97	7.38		10.55	14.25						11.35	6.25	9.09		11.36	12.5				10.5	7.68	5.66		9.75	14.25				12.2							
574176.0	M	S	SI		ANGL	ESPAGN	RES	10.13	10.09	8.0	10.46	8.92	11.75						10.07	8.58	5.0	8.43	8.3	10.5				10.19	11.6	11.0	12.5	9.54	13.0										
129786.0	M	STI2D		ENERENV	ANGL	ESPAGN	FAV	7.89	8.41		6.75				12.75				6.25	9.85		8.3						9.54	6.98		5.2												
122980.0	M	S	SVT	PHYSCHIM	ANGL	ESPAGN	TF	15.95	14.89		16.44	12.17					15.07		15.8	14.48		16.88	11.67			15.85		16.1	15.3		16.0	12.67			14.3								
382466.0	M	S	SVT	PHYSCHIM	ANGL	ESPAGN	TF	13.0	14.25		14.2	17.5	17.0				15.53		13.0	15.5		14.0	18.5	15.0		14.46		12.5	13.0		14.4	16.5	19.0		16.6								
622147.0	M	S	SVT	SVT	ANGL	ESPAGN	TF	8.23	9.51		10.69	5.74						10.29	8.78	10.38		11.11	5.29				10.45	7.68	8.64		6.83	6.2				10.14							
527546.0	M	S	SI		ANGL	ESPAGN	FAV	9.65	7.75	10.5	7.1	9.55							9.3	8.5	12.0	7.2	10.63					10.0	7.0	9.0	7.0	8.47											
574197.0	M	S	SI		ANGL	ALLEMAND	FAV	12.56	11.93	10.25	12.43	10.85	9.5						13.32	13.77	10.5	10.86	10.83	10.0				11.81	10.09	10.0	14.0	10.87	9.0										
437968.0	F	S	SI		ANGL	ESPAGN	FAV	9.0	8.47	13.27	9.8	11.59							7.52	8.43	12.65	10.15	10.11					8.96	8.5	11.54	9.44	13.08											
331050.0	M	S	SVT	PHYSCHIM	ANGL	ESPAGN	FAV	8.9	11.9		12.55	13.35	14.42				13.15		9.6	14.0		12.0	12.8	15.0		12.0		8.2	9.8		13.1	13.9	13.8		14.3								
256907.0	M	STI2D		ARCHI	ANGL	ESPAGN		6.25	9.3		10.81								6.5	10.6		12.08						6.0	8.0		9.54												
31275.0	M	S	SVT	PHYSCHIM	ANGL	ALLEMAND	TF	9.0	11.75		9.75	15.75					9.25		10.0	12.5		10.0	17.0			11.0		8.0	11.0		9.5	14.5			7.5								
842785.0	M																		15.31	14.15		11.75	16.03	12.5	15.31			15.14	10.23		12.25	15.94	12.67	15.14			12.49	12.22		12.08	15.24	11.33	
906620.0	M																		10.0	11.75	13.07	10.0	8.71	10.08				5.5	14.1	11.68	10.0	11.29	10.71				8.2	8.69	10.85	9.83	12.11	10.0	
260436.0	M	STI2D		ENERENV	ANGL	ESPAGN	TF	9.4	13.0		12.25				14.1				9.2	13.1		16.5						9.6	12.9		8.0												
924659.0	M																		14.0	15.6		16.0	14.33	18.17	15.11			17.0	16.2		15.25	14.22	17.0	15.42									
639629.0	M	STI2D		INNOV	ANGL	ESPAGN	RES	2.25	8.25		12.85								3.5	8.25		12.67						1.0	8.25		13.04												
514069.0	M	S	SI	PHYSCHIM	ANGL	ESPAGN	TF	8.16	12.15	14.43	8.3	8.05	14.5				13.12		9.95	14.5	17.3	9.0	7.4	14.5		13.75		6.37	9.8	11.57	7.6	8.7			12.5								
865640.0	M																		10.0	14.5		12.67	13.5	12.57		15.67		9.5	12.0		10.5	10.5	11.5		15.0		10.1	13.0		8.69	12.5	12.0	
520907.0	M	STI2D		ENERENV	ANGL	ESPAGN	RES	5.89	6.66		10.75				11.4				7.6	9.43		10.0						4.19	3.89		11.5												
398934.0	M	S	SI	PHYSCHIM	ANGL	ESPAGN	TF	10.5	14.3	14.0	11.34	9.93	13.38				16.5		12.13	14.32	14.5	10.75	10.25	14.25		17.5		8.77	14.3	12.0	11.92	9.6	12.5		15.5								
662713.0	F	S	SVT	PHYSCHIM	ANGL	ITALIEN	FAV	9.85	11.8		9.7		13.0				12.2		10.2	13.5		6.7				12.0		9.5	10.0		12.7				12.5								
123263.0	M	S	SVT	MATHS	ANGL	ALLEMAND	TF	14.4	11.16		12.21	14.26				12.9			13.4	11.8		12.0	14.63		11.88			15.4	10.53		12.43	13.9		13.92									
498498.0	M	S	SVT	PHYSCHIM	ANGL	ESPAGN	TF	13.3	14.0		9.62	16.0	11.9				14.3		11.9	15.0		10.75	15.25	11.0		14.5		14.6	13.0		8.5	15.38	12.83		14.0								
76969.0	M	STI2D		ENERENV	ANGL	ESPAGN	FAV	8.0	8.0		9.1				11.61				7.0	6.0		11.67						8.0	10.0		6.64												
639596.0	M	S	SI	PHYSCHIM	ANGL	ALLEMAND	TF	10.51	15.4		10.7	13.2					16.0		10.03	16.7	12.15	10.5	13.4			16.0		11.0	14.0	16.0	11.5	13.0			16.0								
301492.0	M	S	SI	MATHS	ANGL	ALLEMAND	FAV	12.9	10.26	9.63	11.92	9.75				12.01			12.5	10.6	11.25	11.13	11.5		8.88			13.3	9.93	8.0	16.93	8.0		15.14									
888683.0	F																		9.5	7.1		11.0	10.0	11.0			13.5	12.5	9.3		11.9	14.6	11.5			16.8	9.5	10.0		11.8	12.0	12.0	
178128.0	M	S	SVT	PHYSCHIM	ANGL	ARABE	TF	12.26	13.0		15.01	11.8							12.14	13.0		14.25	10.5					12.37	13.0		15.91	12.5											
868987.0	M																		12.7	15.5	13.9	15.2	15.4	11.5	11.0			13.9	15.5	11.8	16.9	12.6	12.5	9.5			12.4	14.0	9.3	15.3	9.5	7.0	
398890.0	M	S	SI		ANGL	ALLEMAND	FAV	6.1	8.06	8.5	6.98	6.14							6.38	8.02	7.25	7.25	7.11					5.83	8.13	9.66	6.71	5.17											
37985.0	M	STI2D		ENERENV	ANGL	ESPAGN	FAV	13.0	10.72		14.8				12.52				13.0	10.08		13.43						13.0	11.36		16.17												
265062.0	M	S	SVT	PHYSCHIM	ANGL	ESPAGN	TF	14.5	15.01		14.87	14.26					15.09		12.91	15.87		15.0	15.34			14.0		16.1	15.17		14.75	13.18			16.19								
73590.0	M	STI2D		INNOV	ANGL	ESPAGN	RES	5.12	7.65		6.9								5.6	9.31		7.1						4.65	6.0		6.7												
574230.0	M	STI2D		INNOV	ANGL	ESPAGN	FAV	9.04	9.0		6.9								7.56	8.25		6.92						10.52	9.75		6.88												
574248.0	M	STI2D		INNOV	ANGL	ALLEMAND	RES	8.74	7.56		15.9								8.29	5.21		15.73						9.19	9.92		16.08												
854475.0	M																		8.4	11.75		10.92	8.14	9.58		8.63		8.8	9.75		10.42	10.7	10.71		7.71		10.3	11.0		10.37	8.85	11.0	
589776.0	M	STI2D		SINUM	ANGL		TF	11.83	14.49		12.25								10.93	14.27		11.96						12.73	14.72		12.54												
859884.0	M																		6.0	3.6		17.8	8.3	11.2			13.5	10.7	5.3		15.9	8.9	12.2			10.5	12.1	5.9		12.7	10.2	10.5	
662630.0	M	STI2D		ENERENV	ANGL		TF		9.4		13.5				12.6				9.7	7.8		13.0						11.5	10.9		14.1												
622150.0	M	S	SVT	MATHS	ANGL	ESPAGN	FAV	10.54	8.57		6.45	5.42				13.1			10.23	9.6		6.63	5.14		12.2			10.85	7.55		3.84	5.71		14.0									
434283.0	F	S	SVT	PHYSCHIM	ANGL	ESPAGN	FAV	9.7	11.4		7.6	11.3					10.3		10.7	10.5		7.8	11.0			9.0		8.7	12.3		7.4	11.6			11.6								
129826.0	M	STI2D		ENERENV	ANGL	ESPAGN	FAV	7.49	7.16		6.54				12.35				7.38	6.82		5.7						7.6	7.51		7.38												
671079.0	M	S	SVT	SVT	ANGL	ESPAGN	FAV	9.0	8.67		8.25	14.95	14.05					12.95	10.9	8.6		7.9	14.6	13.1			14.1	7.1	8.7		8.6	15.3	15.0			11.8							
235386.0	M	S	SVT	PHYSCHIM	ANGL	ESPAGN	FAV	9.9	9.8		14.25	15.3					11.1		10.5	8.0		14.0	16.1			11.8		9.3	11.6		14.5	14.5			10.3								
342194.0	M	STI2D		ENERENV	ANGL	ESPAGN	RES	6.6	10.0		10.9				11.7				8.5	10.0		10.88						4.7	10.0		10.93												
640297.0	M	S	SVT	MATHS	ANGL	ESPAGN	TF	13.0	11.9		11.63	10.64				12.65			14.4	11.92		12.69	10.4		11.66			11.5	11.92		10.56	10.87		13.62									
870463.0	M																																										
927680.0	M																																										
347055.0	M	S	SVT	MATHS	ANGL	ESPAGN	TF	15.0	16.0		12.25	12.5	14.1			12.0			14.0	15.5		12.5	14.5	12.25	14.5			16.5	16.0		12.0	10.5	15.25	9.5									
321959.0	M	STI2D		ENERENV	ANGL		FAV	12.2	11.5		14.22				10.17				16.25	11.86		16.43						8.0	11.13		11.38												
205527.0	F	S	SVT	SVT	ANGL	ESPAGN	FAV	8.96	12.45		10.01	16.27	14.62					14.0	9.4	11.1		8.39	16.86	12.0			14.0	8.52	13.8		11.64	15.69	17.25			14.0							
773558.0	M																		13.43			6.25						13.81			3.4						13.5			2.67			
438038.0	M	STI2D		SINUM	ANGL	ESPAGN	RES	10.0	6.46		4.4								9.23	6.67		5.11						10.42	6.25		3.83												
358653.0	M	STI2D		ENERENV	ANGL	ESPAGN	FAV	9.15	8.85		10.65				12.25				10.8	9.3		11.3						7.5	8.4		10.0												
50990.0	M	S	SVT	PHYSCHIM	ANGL	ESPAGN	TF	8.92	14.25		10.9	8.1	10.75				10.66		9.65	15.0		13.0	8.1	13.5		11.95		8.18	13.5		8.7	8.04	8.0		9.37								
362555.0	M	P		ELECTTECH	ANGL		FAV																																				
398951.0	M	S	SVT	INFONUM	ANGL	ESPAGN	FAV	8.4	9.45			8.3							9.0	10.2		7.67	11.5					7.8	8.7		10.5	3.2											
459500.0	M	STI2D		ENERENV	ANGL		FAV	10.75	11.55		10.7				12.35				12.5	11.4		11.3						9.0	11.7		10.1												
574177.0	M	S	SI		ANGL	ALLEMAND	TF	14.46	13.02	11.47	14.15	11.16	11.5						13.36	14.15	8.75	16.4	11.1	11.0				15.57	11.89	14.2	11.9	11.22	12.0										
357883.0	M	S	SI	PHYSCHIM	ANGL	ESPAGN	DEF	9.4	7.71	10.76	4.25	6.15	13.0				11.41		10.0	8.17	10.15	4.93	5.5			12.37		8.8	7.25	11.37	3.57	6.81	14.5		10.45								
834201.0	M																		9.5	9.48		13.13	10.33	13.63			16.37	10.0	7.5		9.5	9.75	11.67			14.73	8.0	4.96		9.14	9.2	8.25	
445807.0	M	S	SVT	PHYSCHIM	ESPAGN	ANGL	TF	18.03	14.96		12.45	15.0	17.5				15.95		17.31	14.18		13.67	13.04	17.5		16.2		18.76	15.75		16.1	11.35	17.5		15.7								
76891.0	M	STI2D		ENERENV	ANGL	ESPAGN	FAV	9.0	12.75		15.4				15.46				7.0	15.0		14.9						10.5	10.5		16.0												
31229.0	M	S	SVT	PHYSCHIM	ANGL	ESPAGN	FAV	9.25	11.5		7.0	9.75	10.0				14.75		8.0	13.0		4.0	9.0	14.0		13.0		10.5	10.5		9.5	10.5	6.0		16.5								
398999.0	M	STI2D		SINUM	ANGL	ESPAGN	RES		6.5		9.2								10.36	5.0		7.5						7.96	8.0		10.8												
208788.0	M	S	SVT	MATHS	ANGL	ESPAGN	TF	11.0	13.25		16.04	11.12				11.75			9.5	13.5		15.94	10.5		11.0			12.5	13.0		16.15	11.74		12.5									
596914.0	M	STI2D		SINUM	ANGL	ESPAGN	FAV	13.0	10.39		9.75								14.6	11.1		10.5						11.7	9.7		9.0												
266072.0	M	S	SI	INFONUM	ANGL	ESPAGN	FAV	7.0	7.75	12.6	8.0	12.1							6.7	8.2	14.0	6.0	12.7					7.2	7.3	11.0	9.0	11.5											
88689.0	M	S	SVT	PHYSCHIM	ANGL	ALLEMAND	TF	11.6	14.75		12.2	10.6					16.55		11.1	15.4		14.2	12.0			19.5		12.1	14.1		12.2	9.1			13.6								
860532.0	M																		14.76	12.5		8.25	11.27	14.75			13.44	9.19	11.53		10.38	8.87	12.73			13.5	11.03	6.59		10.67	8.58	14.5	
555834.0	M	STI2D		ENERENV	ANGL	ALLEMAND	RES	10.25	10.77		10.81				9.08				10.57	12.98		11.25						8.0	8.57		10.38												
398996.0	M	S	SVT	SVT	ANGL	ESPAGN	RES	5.1	4.4			12.8						14.25	4.5	7.1		10.0	14.3				13.4	6.0	2.0		11.7	11.4				15.2							
435025.0	F	S	SVT	MATHS	ANGL	ALLEMAND	TF	12.5	11.25		15.85	15.39				15.25			11.8	11.0		15.2	15.78		16.0			13.2	11.5		16.5	15.0		14.5									
277325.0	F	S	SI		ANGL	ESPAGN	FAV	13.0	10.45	13.4	5.37	8.73							15.0	10.7	11.8	5.3	8.8					11.0	10.2	15.0	5.44	8.67											
783333.0	F																		13.9	14.0		15.2	13.8	16.17			15.0	13.1	16.5		13.4	14.0	15.75			15.0	13.2	15.0		12.7		17.33	
850878.0	M																		9.61	8.82	8.88	11.75	14.57	11.8				10.57	9.25	10.33	10.15	12.22	10.67				11.5	12.06	10.17	9.83	13.14	8.67	
268646.0	M	S	SVT	PHYSCHIM	ALLEMAND	ANGL	TF	11.23	10.25		11.31	10.19					14.0		11.09	10.0		10.71	8.38			13.0		11.37	10.5		11.92	12.0			15.0								
200846.0	M	STI2D		ENERENV	ANGL	ESPAGN	FAV	12.8	10.05		15.1				12.4				13.0	9.3		15.8						12.6	10.8		14.4												
399033.0	M	S	SI		ANGL	ESPAGN	RES	2.1	6.5	7.65	8.24	9.2							2.4	10.05	8.3	9.29	12.0					1.7	3.0	7.0	7.19	6.46											
482708.0	M	STI2D		ENERENV	ANGL		TF	13.2	12.45		16.15				14.6				13.5	11.7		16.8						12.9	13.2		15.5												
771343.0	M																		11.61	11.73		11.63	13.1	12.1	8.9			12.04	10.35		12.58	14.39	14.29	9.5			14.29	11.07		10.94	15.25	14.67	
437913.0	M	STI2D		SINUM	ANGL	ESPAGN	FAV	12.5	9.09		8.1								13.73	10.5		10.13						11.17	7.67		6.17												
861107.0	M																		8.0	10.9		13.0	17.0	11.3		14.3		10.0	12.0		14.5	12.3	13.3		6.1		8.0	11.5		13.4	13.0	15.3	
299088.0	M	S	SVT	MATHS	ANGL	ALLEMAND	RES	11.41	11.49		7.27					6.0			12.73	12.51		8.55	1.75		4.0			10.1	10.47		6.0			8.0									
480992.0	M	S	SVT	SVT	ANGL	ESPAGN	FAV	6.8	8.25		10.5	10.48	14.0					15.22	7.88	8.5		13.08	11.62	16.0			16.25	5.73	8.0		7.92	9.35	12.0			14.19							
440049.0	M	S	SVT	PHYSCHIM	ANGL	ESPAGN	FAV	9.85	11.25		8.05	7.5					8.5		9.3	12.9		7.4	8.1			10.0		10.4	9.6		8.7	6.9			7.0								
322071.0	M	STL		PHYSCHIMLAB	ANGL		TF	15.5	18.3		12.52								14.68	18.95		15.54						15.67	17.69		9.5												
889472.0	M																		9.5	11.6	10.42	11.5	10.4	9.0		14.7		8.4	15.61	15.22	14.8	12.7	8.13		14.8		10.4	12.1	12.21	14.5	10.0	7.5	
181274.0	M	S	SVT	PHYSCHIM	ANGL	ESPAGN	TF	9.5	7.35		8.15	12.65	13.9				5.9		10.1	8.8		9.9	12.4	12.5		6.8		8.9	5.9		6.4	12.9	15.3		5.0								
208917.0	M	S	SVT	MATHS	ANGL	ESPAGN	FAV	10.3	10.75		6.25	10.5	12.5			13.12			12.83	10.5		7.25	11.4	11.0	12.25			7.78	11.0		5.25	9.6	14.0	14.0									
157530.0	M	S	EAT	EAT	ANGL	ALLEMAND	TF	10.36	9.85		10.0	8.31	14.5						9.92	9.7		11.75	7.56	16.0				10.8	10.0		9.78	9.06	13.0										
622426.0	M	STI2D		ENERENV	ANGL	ALLEMAND	TF	10.45	11.03		14.25				12.5				9.3	11.25		14.5						11.6	10.31		14.0												
398862.0	M	S	SI		ANGL	ESPAGN	FAV	9.6	10.43	9.4	9.17	10.2							9.2	9.55	9.37	10.2	12.75					9.9	11.32	9.44	8.14	7.78											
624507.0	M	STI2D		ENERENV	ANGL	ALLEMAND	FAV	13.78	12.8		11.51				9.05				12.6	11.95		11.6						14.97	13.57		11.42												
515672.0	M	STI2D		SINUM	ANGL	ESPAGN	TF	13.0	17.8		14.94								12.11	17.6		15.08						13.89	18.0		14.81												
270205.0	M	S	SVT	PHYSCHIM	ANGL	ESPAGN	TF	9.5	9.4		13.5	14.8					12.45		10.4	10.9		13.0	15.8			14.5		8.6	7.9		14.0	13.8			10.4								
398981.0	M	STI2D		SINUM	ANGL	ESPAGN	TF		10.75		14.3								12.09	10.5		16.5						14.22	11.0		12.0												
639634.0	M	STI2D		ENERENV	ANGL	ESPAGN	RES	9.86	10.5		13.4				10.4				10.6	10.0		12.7						9.13	11.0		14.11												
840257.0	M																		14.1	12.3		10.9	11.69	10.8			11.3	13.7	15.4		12.2	11.87	9.79			14.4	15.8	13.3		12.3	12.73	9.9	
39404.0	M	STI2D		INNOV	ANGL	ESPAGN	FAV	13.3	8.4		8.6								12.9	8.0		7.9						13.7	8.8		9.3												
422500.0	M	S	SVT	INFONUM	ANGL	ESPAGN	FAV	7.7	10.53		12.89	12.29							7.0	10.0		12.0	12.3					8.3	11.06		13.78	12.29											
122886.0	M	STI2D		SINUM	ANGL	ESPAGN	RES	8.0	7.12		6.65								8.0	8.29		6.2						8.0	5.96		7.1												
639590.0	M	STI2D		ENERENV	ANGL	ESPAGN	FAV	9.9	12.0		10.22				16.25				8.8	11.0		9.22						11.0	13.0		11.22												
342098.0	M	STI2D		ENERENV	ANGL	ESPAGN	RES	4.45	8.25		14.3				10.7				4.9	8.5		14.44						4.0	8.0		14.17												
842338.0	M																																										
462644.0	M	S	SVT	PHYSCHIM	ANGL	ALLEMAND	FAV	13.45			13.85	13.45					11.9		13.9			14.2	14.0			12.4		13.0			13.5	12.9			11.3								
260339.0	M	S	SVT	PHYSCHIM	ANGL	ESPAGN	TF	10.15	12.3		7.4	7.5					15.5		11.5	12.7		8.7	10.0			16.0		8.8	11.9		6.1	5.0			15.0								
459131.0	M	S	SVT	SVT	ANGL	ESPAGN	RES	5.1	8.6		9.5	6.9						8.25	5.7	7.0		9.5	5.0				7.5	4.5	10.2		9.4	8.8				9.0							
639588.0	M	STI2D		ENERENV	ANGL	ESPAGN	FAV	13.1	10.5		13.71				14.2				12.4	9.0		15.1						13.81	12.0		12.33												
936654.0	F																																										
638984.0	M	S	SVT	PHYSCHIM	ARABE	ANGL	TF	11.8	13.96		16.25	13.2	11.05				12.71		11.4	11.84		16.5	13.0	10.0		10.26		12.2	15.81		16.0	13.39	12.1		13.79								
395876.0	M	P		TECHENER	ANGL		DEF																																				
860121.0	M																																										
867673.0	M																		15.89	16.7		17.83	17.77	18.58		17.5		16.8	17.5		17.0	17.48	17.67		19.5		16.75	14.3		15.69	17.64	18.2	
232036.0	M	S	SVT	PHYSCHIM	ANGL	ALLEMAND	FAV	11.5	9.57		9.25	6.2					14.31		12.0	9.18		9.5	6.0			13.88		11.0	9.96		9.0	6.38			14.75								
596819.0	M	STI2D		ENERENV	ANGL	ESPAGN	RES	5.25	4.63		7.75				11.5				7.0	5.2		8.5						3.4	4.1		7.0												
811917.0	M																		11.4	13.7			11.9	7.5		8.4		11.8	11.9			9.3	5.2		7.2		13.0	12.0		1.8	8.1	5.0	
